treatment_definition,outcome,outcome_label,method,pre_mean_gap,observed_strike_gap,predicted_strike_gap,estimated_selection_bias,tau_estimate,pre_fit_rmse,coef_linear,coef_quadratic,selected_by_preperiod_rmse,estimator_label,bootstrap_reps,bootstrap_se,ci_lower_percentile,ci_upper_percentile,bootstrap_two_sided_sign_p
replication_code_4_AIS,daily_homicides,Total homicides,no_correction,0.020865932579928522,0.07764081760024964,0.020865932579928522,0.0,0.05677488502032112,0.01162131190686928,,,True,TWFE DID,,,,,
replication_code_4_AIS,daily_homicides,Total homicides,linear_gap,0.020865932579928522,0.07764081760024964,0.027335247318864095,0.006469314738935573,0.05030557028138555,0.011169772233774421,0.000929293829902348,,False,Bias-corrected TWFE DID (linear gap),,,,,
replication_code_4_AIS,daily_homicides,Total homicides,quadratic_gap,0.020865932579928522,0.07764081760024964,0.022810782601701624,0.0019448500217731021,0.054830034998548015,0.011094237272156826,0.002527832932063601,-0.00012296454632009602,False,Bias-corrected TWFE DID (quadratic gap),,,,,
replication_code_4_AIS,daily_homicides_men,Homicides (men),no_correction,0.018120351588911426,0.06984709002964583,0.018120351588911426,0.0,0.0517267384407344,0.011148295609084017,,,True,TWFE DID,,,,,
replication_code_4_AIS,daily_homicides_men,Homicides (men),linear_gap,0.018120351588911426,0.06984709002964583,0.02427649845343712,0.006156146864525695,0.045570591576208706,0.01072220340389487,0.0008843083893793828,,False,Bias-corrected TWFE DID (linear gap),,,,,
replication_code_4_AIS,daily_homicides_men,Homicides (men),quadratic_gap,0.018120351588911426,0.06984709002964583,0.01577452037742252,-0.002345831211488906,0.054072569652223304,0.01044161945471201,0.0038881431521246208,-0.0002310642125188642,False,Bias-corrected TWFE DID (quadratic gap),,,,,
replication_code_4_AIS,daily_homicides_women,Homicides (women),no_correction,0.0027455808594822884,0.007793727330863476,0.0027455808594822884,0.0,0.0050481464713811874,0.0024224969038492703,,,True,TWFE DID,,,,,
replication_code_4_AIS,daily_homicides_women,Homicides (women),linear_gap,0.0027455808594822884,0.007793727330863476,0.0030587491185791937,0.00031316825909690534,0.004734978212284282,0.0024175143410188594,4.4985461639813436e-05,,False,Bias-corrected TWFE DID (linear gap),,,,,
replication_code_4_AIS,daily_homicides_women,Homicides (women),quadratic_gap,0.0027455808594822884,0.007793727330863476,0.0070362627320376915,0.004290681872555403,0.0007574645988257843,0.0021318264322108854,-0.001360310288899178,0.00010809967311838398,False,Bias-corrected TWFE DID (quadratic gap),,,,,
replication_code_4_AIS,crime_1,Suspected criminals (I),no_correction,0.00873539070800734,0.042814791699173044,0.00873539070800734,0.0,0.0340794009911657,0.005975784921155802,,,True,TWFE DID,,,,,
replication_code_4_AIS,crime_1,Suspected criminals (I),linear_gap,0.00873539070800734,0.042814791699173044,0.010291708083875344,0.001556317375868005,0.032523083615297696,0.005925742539922683,0.00022355940205838763,,False,Bias-corrected TWFE DID (linear gap),,,,,
replication_code_4_AIS,crime_1,Suspected criminals (I),quadratic_gap,0.00873539070800734,0.042814791699173044,0.00026431089584461813,-0.008471079812162722,0.04255048080332842,0.005182100962935798,0.0037663401507215043,-0.0002725215960510089,False,Bias-corrected TWFE DID (quadratic gap),,,,,
replication_code_4_AIS,crime_2,Suspected criminals (II),no_correction,0.007669274606394281,0.03807926353565299,0.007669274606394281,0.0,0.030409988929258707,0.005915434109478209,,,True,TWFE DID,,,,,
replication_code_4_AIS,crime_2,Suspected criminals (II),linear_gap,0.007669274606394281,0.03807926353565299,0.009463641886796822,0.0017943672804025404,0.028615621648856168,0.005848132101882619,0.00025775441596942596,,False,Bias-corrected TWFE DID (linear gap),,,,,
replication_code_4_AIS,crime_2,Suspected criminals (II),quadratic_gap,0.007669274606394281,0.03807926353565299,0.005722324172940468,-0.001946950433453813,0.03235693936271252,0.005748976688582694,0.001579599768530526,-0.00010168041173546911,False,Bias-corrected TWFE DID (quadratic gap),,,,,
replication_code_4_AIS,crime_3,Suspected criminals (III),no_correction,0.0071416497633536155,0.03115150569511625,0.0071416497633536155,0.0,0.024009855931762632,0.005416392596723313,,,True,TWFE DID,,,,,
replication_code_4_AIS,crime_3,Suspected criminals (III),linear_gap,0.0071416497633536155,0.03115150569511625,0.010776583638964657,0.003634933875611041,0.02037492205615159,0.0051076805995722285,0.0005221451976015868,,False,Bias-corrected TWFE DID (linear gap),,,,,
replication_code_4_AIS,crime_3,Suspected criminals (III),quadratic_gap,0.0071416497633536155,0.03115150569511625,0.008299991083966717,0.0011583413206131014,0.02285151461114953,0.005058114498949153,0.0013971503720851854,-6.73080903448921e-05,False,Bias-corrected TWFE DID (quadratic gap),,,,,
replication_code_4_AIS,crime_4,Suspected criminals (IV),no_correction,0.0056976238771370615,0.026220939304103606,0.0056976238771370615,0.0,0.020523315426966546,0.004685511631077715,,,True,TWFE DID,,,,,
replication_code_4_AIS,crime_4,Suspected criminals (IV),linear_gap,0.0056976238771370615,0.026220939304103606,0.00817863288217477,0.002481009005037709,0.018042306421928837,0.004521112080665077,0.0003563880338728207,,False,Bias-corrected TWFE DID (linear gap),,,,,
replication_code_4_AIS,crime_4,Suspected criminals (IV),quadratic_gap,0.0056976238771370615,0.026220939304103606,0.007414525324885736,0.0017169014477486748,0.01880641397921787,0.004515804388802565,0.0006263549548104853,-2.0766686225974103e-05,False,Bias-corrected TWFE DID (quadratic gap),,,,,
paper_intended_5_AIS,daily_homicides,Total homicides,no_correction,0.018344539621135365,0.05271412984178942,0.018344539621135365,0.0,0.034369590220654056,0.009889190348593481,,,True,TWFE DID,999.0,0.08714710820902616,-0.0058537934381129595,0.13422476876243997,0.12612612612612611
paper_intended_5_AIS,daily_homicides,Total homicides,linear_gap,0.018344539621135365,0.05271412984178942,0.02566344325383157,0.007318903632696206,0.02705068658795785,0.0091991603200844,0.001051334223481225,,False,Bias-corrected TWFE DID (linear gap),999.0,0.09132285901875213,-0.011281472133037177,0.12762956969516034,0.21421421421421422
paper_intended_5_AIS,daily_homicides,Total homicides,quadratic_gap,0.018344539621135365,0.05271412984178942,0.020375888308487612,0.002031348687352247,0.03233824153330181,0.009073463044697604,0.0029194808139268043,-0.00014370358388042897,False,Bias-corrected TWFE DID (quadratic gap),999.0,0.09832239173101712,-0.008643688704251758,0.15284941556186762,0.17217217217217218
paper_intended_5_AIS,daily_homicides_men,Homicides (men),no_correction,0.016005418930950845,0.0479715320140852,0.016005418930950845,0.0,0.03196611308313436,0.009759238249114174,,,True,TWFE DID,999.0,0.08980842194268632,-0.007495842341841848,0.136278602939955,0.11611611611611612
paper_intended_5_AIS,daily_homicides_men,Homicides (men),linear_gap,0.016005418930950845,0.0479715320140852,0.02223080280660997,0.006225383875659126,0.025740729207475232,0.009258136349142606,0.0008942540373874996,,False,Bias-corrected TWFE DID (linear gap),999.0,0.09335503201909207,-0.010764873915477723,0.13109575261066628,0.19019019019019018
paper_intended_5_AIS,daily_homicides_men,Homicides (men),quadratic_gap,0.016005418930950845,0.0479715320140852,0.010449551440475371,-0.0055558674904754735,0.03752198057360983,0.008620359354049053,0.005056689189046213,-0.0003201873193583624,False,Bias-corrected TWFE DID (quadratic gap),999.0,0.09520901351694365,0.0011636431918331613,0.1500623348494649,0.042042042042042045
paper_intended_5_AIS,daily_homicides_women,Homicides (women),no_correction,0.002339120488613844,0.004742597229778767,0.002339120488613844,0.0,0.0024034767411649227,0.0032456228427490356,,,True,TWFE DID,999.0,0.005468686969315746,-0.007244194525889812,0.010794435824497616,0.6286286286286287
paper_intended_5_AIS,daily_homicides_women,Homicides (women),linear_gap,0.002339120488613844,0.004742597229778767,0.0034326401942660514,0.0010935197056522075,0.0013099570355127152,0.00320000525794781,0.00015708017278986923,,False,Bias-corrected TWFE DID (linear gap),999.0,0.005602897982961376,-0.008976494479862075,0.010872773020234346,0.7567567567567568
paper_intended_5_AIS,daily_homicides_women,Homicides (women),quadratic_gap,0.002339120488613844,0.004742597229778767,0.00992633653219376,0.0075872160435799165,-0.005183739302414994,0.0026030462551188713,-0.002137208359146954,0.00017648373322590952,False,Bias-corrected TWFE DID (quadratic gap),999.0,0.007424541801139836,-0.016078472701225626,0.010613461319325333,0.46846846846846846
paper_intended_5_AIS,crime_1,Suspected criminals (I),no_correction,0.008196516840133861,0.02960248970887269,0.008196516840133861,0.0,0.021405972868738826,0.005894772164223492,,,True,TWFE DID,999.0,0.04454463211849744,-0.0017659270160083286,0.07264647105655872,0.07807807807807808
paper_intended_5_AIS,crime_1,Suspected criminals (I),linear_gap,0.008196516840133861,0.02960248970887269,0.010149550973089132,0.0019530341329552711,0.019452938735783555,0.005814673055177001,0.0002805463395405368,,False,Bias-corrected TWFE DID (linear gap),999.0,0.0439805445938517,-0.0036853216742878665,0.0692041538350674,0.1021021021021021
paper_intended_5_AIS,crime_1,Suspected criminals (I),quadratic_gap,0.008196516840133861,0.02960248970887269,0.0005510982718615381,-0.007645418568272323,0.02905139143701115,0.005122670693719761,0.0036717766667338503,-0.00026086387132256235,False,Bias-corrected TWFE DID (quadratic gap),999.0,0.047322866442165705,0.005292687771287476,0.08219955314677134,0.014014014014014014
paper_intended_5_AIS,crime_2,Suspected criminals (II),no_correction,0.007323424211722082,0.025151267172543765,0.007323424211722082,0.0,0.017827842960821683,0.005109930584380486,,,True,TWFE DID,999.0,0.03908776737033998,-0.003594507252542399,0.06342451100909581,0.12012012012012012
paper_intended_5_AIS,crime_2,Suspected criminals (II),linear_gap,0.007323424211722082,0.025151267172543765,0.009905330291061575,0.0025819060793394926,0.015245936881482191,0.0049469400612328455,0.000370881536258712,,False,Bias-corrected TWFE DID (linear gap),999.0,0.03667882746413567,-0.006594019478207534,0.05883888143731349,0.18018018018018017
paper_intended_5_AIS,crime_2,Suspected criminals (II),quadratic_gap,0.007323424211722082,0.025151267172543765,0.0032811801475318447,-0.004042244064190237,0.02187008702501192,0.004568090191923355,0.0027112607158890764,-0.0001800291676638741,False,Bias-corrected TWFE DID (quadratic gap),999.0,0.0388948756009099,0.0022941467832688213,0.06678016040169256,0.024024024024024024
paper_intended_5_AIS,crime_3,Suspected criminals (III),no_correction,0.006688273310613736,0.018716212865149035,0.006688273310613736,0.0,0.0120279395545353,0.005195808383705255,,,True,TWFE DID,999.0,0.030194176480007138,-0.008063964804846394,0.048342507083180976,0.2502502502502503
paper_intended_5_AIS,crime_3,Suspected criminals (III),linear_gap,0.006688273310613736,0.018716212865149035,0.00991250314267722,0.0032242298320634844,0.008803709722471815,0.004943704682141695,0.00046314903665000355,,False,Bias-corrected TWFE DID (linear gap),999.0,0.027486972594417867,-0.010123123925524922,0.042561089086952976,0.3663663663663664
paper_intended_5_AIS,crime_3,Suspected criminals (III),quadratic_gap,0.006688273310613736,0.018716212865149035,0.0007679405229992635,-0.005920332787614472,0.01794827234214977,0.004191710337834199,0.003694015411686051,-0.00024852818269508045,False,Bias-corrected TWFE DID (quadratic gap),999.0,0.026928167636947286,0.004481982400058911,0.04937589729860634,0.012012012012012012
paper_intended_5_AIS,crime_4,Suspected criminals (IV),no_correction,0.005374796598200853,0.014736150374448243,0.005374796598200853,0.0,0.00936135377624739,0.004890143664584632,,,True,TWFE DID,999.0,0.02950786942437709,-0.009363252750973721,0.04537250402153147,0.3383383383383383
paper_intended_5_AIS,crime_4,Suspected criminals (IV),linear_gap,0.005374796598200853,0.014736150374448243,0.008390803677963323,0.0030160070797624703,0.00634534669648492,0.0046558348657435,0.00043323858604322823,,False,Bias-corrected TWFE DID (linear gap),999.0,0.029833901608262377,-0.013029274066086604,0.042454967334316536,0.5345345345345346
paper_intended_5_AIS,crime_4,Suspected criminals (IV),quadratic_gap,0.005374796598200853,0.014736150374448243,0.000906801624700728,-0.004467994973500125,0.013829348749747516,0.004132245578503862,0.00307741213378131,-0.00020339796521062154,False,Bias-corrected TWFE DID (quadratic gap),999.0,0.028396089765879012,-0.00013668899763549065,0.047132439362571624,0.056056056056056056
