pre_window_weeks,outcome,method,estimated_selection_bias,tau_estimate,unit_definition
12,daily_homicides,no_correction,0.0,0.03436959022065406,municipality_or_district
12,daily_homicides,linear_gap,0.007318903632696213,0.02705068658795785,municipality_or_district
12,daily_homicides,quadratic_gap,0.0020313486873522607,0.0323382415333018,municipality_or_district
12,daily_homicides_men,no_correction,0.0,0.03196611308313435,municipality_or_district
12,daily_homicides_men,linear_gap,0.006225383875659126,0.025740729207475225,municipality_or_district
12,daily_homicides_men,quadratic_gap,-0.005555867490475411,0.03752198057360976,municipality_or_district
12,daily_homicides_women,no_correction,0.0,0.0024034769445970697,municipality_or_district
12,daily_homicides_women,linear_gap,0.0010935197408341634,0.0013099572037629063,municipality_or_district
12,daily_homicides_women,quadratic_gap,0.007587216143146614,-0.005183739198549545,municipality_or_district
12,crime_1,no_correction,0.0,0.02140597286873878,municipality_or_district
12,crime_1,linear_gap,0.001953034132955266,0.019452938735783513,municipality_or_district
12,crime_1,quadratic_gap,-0.007645418568272307,0.02905139143701109,municipality_or_district
12,crime_2,no_correction,0.0,0.017827842960821655,municipality_or_district
12,crime_2,linear_gap,0.0025819060793394856,0.01524593688148217,municipality_or_district
12,crime_2,quadratic_gap,-0.004042244064190199,0.021870087025011854,municipality_or_district
12,crime_3,no_correction,0.0,0.01202793955453527,municipality_or_district
12,crime_3,linear_gap,0.003224229832063479,0.00880370972247179,municipality_or_district
12,crime_3,quadratic_gap,-0.0059203327876144445,0.017948272342149716,municipality_or_district
12,crime_4,no_correction,0.0,0.009361353776247378,municipality_or_district
12,crime_4,linear_gap,0.0030160070797624625,0.006345346696484917,municipality_or_district
12,crime_4,quadratic_gap,-0.004467994973500113,0.013829348749747492,municipality_or_district
12,daily_homicides,no_correction,0.0,0.7671299288946347,AIS_aggregate
12,daily_homicides,linear_gap,0.1486235483973038,0.6185063804973309,AIS_aggregate
12,daily_homicides,quadratic_gap,0.05943106667088521,0.7076988622237494,AIS_aggregate
12,daily_homicides_men,no_correction,0.0,0.718972204266322,AIS_aggregate
12,daily_homicides_men,linear_gap,0.12849616446901496,0.590476039797307,AIS_aggregate
12,daily_homicides_men,quadratic_gap,-0.07588203651552072,0.7948542407818426,AIS_aggregate
12,daily_homicides_women,no_correction,0.0,0.04815772462831286,AIS_aggregate
12,daily_homicides_women,linear_gap,0.020127383928288875,0.028030340700023984,AIS_aggregate
12,daily_homicides_women,quadratic_gap,0.1353131031864066,-0.08715537855809376,AIS_aggregate
12,crime_1,no_correction,0.0,0.46302521008403363,AIS_aggregate
12,crime_1,linear_gap,0.04279114550607757,0.4202340645779561,AIS_aggregate
12,crime_1,quadratic_gap,-0.12577106151766845,0.5887962716017021,AIS_aggregate
12,crime_2,no_correction,0.0,0.3912411118293472,AIS_aggregate
12,crime_2,linear_gap,0.054613938098100945,0.33662717373124623,AIS_aggregate
12,crime_2,quadratic_gap,-0.05848676210667213,0.4497278739360193,AIS_aggregate
12,crime_3,no_correction,0.0,0.27854988149105797,AIS_aggregate
12,crime_3,linear_gap,0.06410489962526156,0.2144449818657964,AIS_aggregate
12,crime_3,quadratic_gap,-0.09270397777185185,0.3712538592629098,AIS_aggregate
12,crime_4,no_correction,0.0,0.22461753932342163,AIS_aggregate
12,crime_4,linear_gap,0.06075033563721341,0.16386720368620822,AIS_aggregate
12,crime_4,quadratic_gap,-0.06739339092280339,0.29201093024622504,AIS_aggregate
