AIS,Gang Districts,ExposureDistricts,ExposurePop,Districts (total),ais,exposure_rank,above_numeric_p75,paper_five
AIS 6,13,0.7647058823529411,0.8723092745415393,17,ais 06,1,True,True
AIS 2,5,0.7142857142857143,0.9920378006231692,7,ais 02,2,True,True
AIS 13,5,0.7142857142857143,0.7654959298760324,7,ais 13,3,True,True
AIS 11,4,0.6666666666666666,0.8513596583758303,6,ais 11,4,True,True
AIS 12,3,0.6,0.634349709961773,5,ais 12,5,True,True
AIS 7,10,0.5882352941176471,0.507304691172323,17,ais 07,6,True,False
AIS 14,17,0.5862068965517241,0.6363590484803462,29,ais 14,7,False,False
AIS 17,11,0.5789473684210527,0.5166162874501741,19,ais 17,8,False,False
AIS 8,4,0.5714285714285714,0.4958222559817698,7,ais 08,9,False,False
AIS 4,5,0.5555555555555556,0.565734044366523,9,ais 04,10,False,False
AIS 5,9,0.47368421052631576,0.5270754554555831,19,ais 05,11,False,False
AIS 15,8,0.42105263157894735,0.31215660969985665,19,ais 15,12,False,False
AIS 16,5,0.29411764705882354,0.4733495404337954,17,ais 16,13,False,False
AIS 3,3,0.23076923076923078,0.28174342025085675,13,ais 03,14,False,False
AIS 9,3,0.21428571428571427,0.6767439623911703,14,ais 09,15,False,False
AIS 18,4,0.21052631578947367,0.44044799303473725,19,ais 18,16,False,False
AIS 1,1,0.14285714285714285,0.24378888243046484,7,ais 01,17,False,False
AIS 19,2,0.08,0.16862129129851827,25,ais 19,18,False,False
AIS 10,1,0.07692307692307693,0.0794958321037077,13,ais 10,19,False,False
AIS 20,1,0.07692307692307693,0.03004380199316431,13,ais 20,20,False,False
AIS 21,1,0.0625,0.028418418465504185,16,ais 21,21,False,False
AIS 22,0,0.0,0.0,8,ais 22,22,False,False
