ais,unit
ais 01,ais 01_fortaleza
ais 02,ais 02_fortaleza
ais 03,ais 03_fortaleza
ais 04,ais 04_fortaleza
ais 05,ais 05_fortaleza
ais 06,ais 06_fortaleza
ais 07,ais 07_caucaia
ais 07,ais 07_fortaleza
ais 07,ais 07_sao goncalo do amarante
ais 08,ais 08_fortaleza
ais 08,ais 08_guaiuba
ais 08,ais 08_itaitinga
ais 08,ais 08_maracanau
ais 08,ais 08_maranguape
ais 08,ais 08_pacatuba
ais 09,ais 09_aquiraz
ais 09,ais 09_cascavel
ais 09,ais 09_chorozinho
ais 09,ais 09_eusebio
ais 09,ais 09_fortaleza
ais 09,ais 09_horizonte
ais 09,ais 09_pacajus
ais 09,ais 09_pindoretama
ais 10,ais 10_alto santo
ais 10,ais 10_aracati
ais 10,ais 10_beberibe
ais 10,ais 10_erere
ais 10,ais 10_fortaleza
ais 10,ais 10_fortim
ais 10,ais 10_icapui
ais 10,ais 10_iracema
ais 10,ais 10_itaicaba
ais 10,ais 10_jaguaretama
ais 10,ais 10_jaguaribara
ais 10,ais 10_jaguaribe
ais 10,ais 10_jaguaruana
ais 10,ais 10_limoeiro do norte
ais 10,ais 10_nova jaguaribara
ais 10,ais 10_palhano
ais 10,ais 10_pereiro
ais 10,ais 10_potiretama
ais 10,ais 10_quixere
ais 10,ais 10_russas
ais 10,ais 10_sao joao do jaguaribe
ais 10,ais 10_tabuleiro do norte
ais 11,ais 11_abaiara
ais 11,ais 11_altaneira
ais 11,ais 11_antonina do norte
ais 11,ais 11_araripe
ais 11,ais 11_assare
ais 11,ais 11_aurora
ais 11,ais 11_barbalha
ais 11,ais 11_barro
ais 11,ais 11_brejo santo
ais 11,ais 11_campos sales
ais 11,ais 11_caririacu
ais 11,ais 11_caucaia
ais 11,ais 11_crato
ais 11,ais 11_farias brito
ais 11,ais 11_jardim
ais 11,ais 11_jati
ais 11,ais 11_juazeiro do norte
ais 11,ais 11_mauriti
ais 11,ais 11_milagres
ais 11,ais 11_missao velha
ais 11,ais 11_nova olinda
ais 11,ais 11_paracuru
ais 11,ais 11_paraipaba
ais 11,ais 11_penaforte
ais 11,ais 11_porteiras
ais 11,ais 11_potengi
ais 11,ais 11_salitre
ais 11,ais 11_santana do cariri
ais 11,ais 11_sao goncalo do amarante
ais 11,ais 11_sao luis do curu
ais 11,ais 11_tabuleiro do norte
ais 11,ais 11_trairi
ais 12,ais 12_alcantaras
ais 12,ais 12_barroquinha
ais 12,ais 12_camocim
ais 12,ais 12_carire
ais 12,ais 12_carnaubal
ais 12,ais 12_chaval
ais 12,ais 12_coreau
ais 12,ais 12_croata
ais 12,ais 12_forquilha
ais 12,ais 12_frecheirinha
ais 12,ais 12_graca
ais 12,ais 12_granja
ais 12,ais 12_groairas
ais 12,ais 12_guaiuba
ais 12,ais 12_guaraciaba do norte
ais 12,ais 12_ibiapina
ais 12,ais 12_itaitinga
ais 12,ais 12_maracanau
ais 12,ais 12_maranguape
ais 12,ais 12_martinopole
ais 12,ais 12_massape
ais 12,ais 12_meruoca
ais 12,ais 12_moraujo
ais 12,ais 12_mucambo
ais 12,ais 12_pacatuba
ais 12,ais 12_pacuja
ais 12,ais 12_santana do acarau
ais 12,ais 12_sao benedito
ais 12,ais 12_senador pompeu
ais 12,ais 12_sobral
ais 12,ais 12_tiangua
ais 12,ais 12_ubajara
ais 12,ais 12_uruoca
ais 12,ais 12_vicosa do ceara
ais 13,ais 13_acarape
ais 13,ais 13_aquiraz
ais 13,ais 13_aracoiaba
ais 13,ais 13_aratuba
ais 13,ais 13_barreira
ais 13,ais 13_baturite
ais 13,ais 13_boa viagem
ais 13,ais 13_caninde
ais 13,ais 13_capistrano
ais 13,ais 13_caridade
ais 13,ais 13_cascavel
ais 13,ais 13_chorozinho
ais 13,ais 13_eusebio
ais 13,ais 13_guaramiranga
ais 13,ais 13_horizonte
ais 13,ais 13_itapiuna
ais 13,ais 13_itatira
ais 13,ais 13_madalena
ais 13,ais 13_mulungu
ais 13,ais 13_ocara
ais 13,ais 13_pacajus
ais 13,ais 13_pacoti
ais 13,ais 13_palmacia
ais 13,ais 13_paramoti
ais 13,ais 13_pindoretama
ais 13,ais 13_redencao
ais 14,ais 14_alcantaras
ais 14,ais 14_ararenda
ais 14,ais 14_barroquinha
ais 14,ais 14_camocim
ais 14,ais 14_carire
ais 14,ais 14_carnaubal
ais 14,ais 14_catunda
ais 14,ais 14_chaval
ais 14,ais 14_coreau
ais 14,ais 14_crateus
ais 14,ais 14_croata
ais 14,ais 14_forquilha
ais 14,ais 14_frecheirinha
ais 14,ais 14_graca
ais 14,ais 14_granja
ais 14,ais 14_groairas
ais 14,ais 14_guaraciaba do norte
ais 14,ais 14_hidrolandia
ais 14,ais 14_ibiapina
ais 14,ais 14_independencia
ais 14,ais 14_ipaporanga
ais 14,ais 14_ipu
ais 14,ais 14_ipueiras
ais 14,ais 14_martinopole
ais 14,ais 14_massape
ais 14,ais 14_meruoca
ais 14,ais 14_monsenhor tabosa
ais 14,ais 14_moraujo
ais 14,ais 14_mucambo
ais 14,ais 14_nova russas
ais 14,ais 14_novo oriente
ais 14,ais 14_pacuja
ais 14,ais 14_pires ferreira
ais 14,ais 14_poranga
ais 14,ais 14_reriutaba
ais 14,ais 14_santa quiteria
ais 14,ais 14_santana do acarau
ais 14,ais 14_sao benedito
ais 14,ais 14_senador pompeu
ais 14,ais 14_sobral
ais 14,ais 14_tamboril
ais 14,ais 14_tiangua
ais 14,ais 14_ubajara
ais 14,ais 14_uruoca
ais 14,ais 14_varjota
ais 14,ais 14_vicosa do ceara
ais 15,ais 15_acarape
ais 15,ais 15_aracoiaba
ais 15,ais 15_aratuba
ais 15,ais 15_banabuiu
ais 15,ais 15_barreira
ais 15,ais 15_baturite
ais 15,ais 15_boa viagem
ais 15,ais 15_caninde
ais 15,ais 15_capistrano
ais 15,ais 15_caridade
ais 15,ais 15_choro
ais 15,ais 15_dep. irapuan pinheiro
ais 15,ais 15_guaramiranga
ais 15,ais 15_ibaretama
ais 15,ais 15_ibicuitinga
ais 15,ais 15_itapiuna
ais 15,ais 15_itatira
ais 15,ais 15_jaguaretama
ais 15,ais 15_madalena
ais 15,ais 15_milha
ais 15,ais 15_morada nova
ais 15,ais 15_mulungu
ais 15,ais 15_ocara
ais 15,ais 15_pacoti
ais 15,ais 15_palmacia
ais 15,ais 15_paramoti
ais 15,ais 15_pedra branca
ais 15,ais 15_quixada
ais 15,ais 15_quixeramobim
ais 15,ais 15_redencao
ais 15,ais 15_senador pompeu
ais 15,ais 15_solonopole
ais 16,ais 16_acopiara
ais 16,ais 16_ararenda
ais 16,ais 16_carius
ais 16,ais 16_catunda
ais 16,ais 16_cedro
ais 16,ais 16_crateus
ais 16,ais 16_hidrolandia
ais 16,ais 16_ico
ais 16,ais 16_iguatu
ais 16,ais 16_independencia
ais 16,ais 16_ipaporanga
ais 16,ais 16_ipaumirim
ais 16,ais 16_ipu
ais 16,ais 16_ipueiras
ais 16,ais 16_jucas
ais 16,ais 16_lavras da mangabeira
ais 16,ais 16_monsenhor tabosa
ais 16,ais 16_nova russas
ais 16,ais 16_novo oriente
ais 16,ais 16_oros
ais 16,ais 16_pires ferreira
ais 16,ais 16_poranga
ais 16,ais 16_quixelo
ais 16,ais 16_reriutaba
ais 16,ais 16_saboeiro
ais 16,ais 16_santa quiteria
ais 16,ais 16_tamboril
ais 16,ais 16_tarrafas
ais 16,ais 16_umari
ais 16,ais 16_varjota
ais 16,ais 16_varzea alegre
ais 17,ais 17_acarau
ais 17,ais 17_amontada
ais 17,ais 17_apuiares
ais 17,ais 17_bela cruz
ais 17,ais 17_cruz
ais 17,ais 17_general sampaio
ais 17,ais 17_iraucuba
ais 17,ais 17_itapaje
ais 17,ais 17_itapipoca
ais 17,ais 17_itarema
ais 17,ais 17_jijoca de jericoacoara
ais 17,ais 17_marco
ais 17,ais 17_miraima
ais 17,ais 17_morrinhos
ais 17,ais 17_paracuru
ais 17,ais 17_paraipaba
ais 17,ais 17_pentecoste
ais 17,ais 17_sao luis do curu
ais 17,ais 17_tejucuoca
ais 17,ais 17_trairi
ais 17,ais 17_tururu
ais 17,ais 17_umirim
ais 17,ais 17_uruburetama
ais 18,ais 18_aiuaba
ais 18,ais 18_alto santo
ais 18,ais 18_aracati
ais 18,ais 18_arneiroz
ais 18,ais 18_beberibe
ais 18,ais 18_catarina
ais 18,ais 18_erere
ais 18,ais 18_fortim
ais 18,ais 18_icapui
ais 18,ais 18_iracema
ais 18,ais 18_itaicaba
ais 18,ais 18_jaguaribara
ais 18,ais 18_jaguaribe
ais 18,ais 18_jaguaruana
ais 18,ais 18_limoeiro do norte
ais 18,ais 18_mombaca
ais 18,ais 18_nova jaguaribara
ais 18,ais 18_palhano
ais 18,ais 18_parambu
ais 18,ais 18_pereiro
ais 18,ais 18_piquet carneiro
ais 18,ais 18_potiretama
ais 18,ais 18_quiterianopolis
ais 18,ais 18_quixere
ais 18,ais 18_russas
ais 18,ais 18_sao joao do jaguaribe
ais 18,ais 18_tabuleiro do norte
ais 18,ais 18_taua
ais 19,ais 19_abaiara
ais 19,ais 19_altaneira
ais 19,ais 19_antonina do norte
ais 19,ais 19_araripe
ais 19,ais 19_assare
ais 19,ais 19_aurora
ais 19,ais 19_barbalha
ais 19,ais 19_barro
ais 19,ais 19_brejo santo
ais 19,ais 19_campos sales
ais 19,ais 19_caririacu
ais 19,ais 19_crato
ais 19,ais 19_farias brito
ais 19,ais 19_jardim
ais 19,ais 19_jati
ais 19,ais 19_juazeiro do norte
ais 19,ais 19_mauriti
ais 19,ais 19_milagres
ais 19,ais 19_missao velha
ais 19,ais 19_nova olinda
ais 19,ais 19_penaforte
ais 19,ais 19_porteiras
ais 19,ais 19_potengi
ais 19,ais 19_salitre
ais 19,ais 19_santana do cariri
ais 20,ais 20_banabuiu
ais 20,ais 20_choro
ais 20,ais 20_dep. irapuan pinheiro
ais 20,ais 20_ibaretama
ais 20,ais 20_ibicuitinga
ais 20,ais 20_jaguaretama
ais 20,ais 20_milha
ais 20,ais 20_morada nova
ais 20,ais 20_pedra branca
ais 20,ais 20_quixada
ais 20,ais 20_quixeramobim
ais 20,ais 20_senador pompeu
ais 20,ais 20_solonopole
ais 21,ais 21_acopiara
ais 21,ais 21_baixio
ais 21,ais 21_carius
ais 21,ais 21_cedro
ais 21,ais 21_granjeiro
ais 21,ais 21_ico
ais 21,ais 21_iguatu
ais 21,ais 21_ipaumirim
ais 21,ais 21_jucas
ais 21,ais 21_lavras da mangabeira
ais 21,ais 21_oros
ais 21,ais 21_quixelo
ais 21,ais 21_saboeiro
ais 21,ais 21_tarrafas
ais 21,ais 21_varzea alegre
ais 22,ais 22_aiuaba
ais 22,ais 22_arneiroz
ais 22,ais 22_catarina
ais 22,ais 22_mombaca
ais 22,ais 22_parambu
ais 22,ais 22_piquet carneiro
ais 22,ais 22_quiterianopolis
ais 22,ais 22_taua
