scenario,method,absolute_bias,rmse,variance_population,absolute_bias_rank,absolute_bias_adjusted_rank,rmse_rank,rmse_adjusted_rank,variance_population_rank,variance_population_adjusted_rank
S0_parallel_trends,gbm_adjusted_did,0.003434105891391116,0.07873761810947645,0.006187819422280468,2,2,4,3,4,3
S0_parallel_trends,linear_adjusted_did,0.005813848994309553,0.06513362435895638,0.004208588182005002,4,4,2,2,2,2
S0_parallel_trends,random_forest_adjusted_did,0.001352446106986322,0.09646259263013589,0.009303202666455243,1,1,5,4,5,4
S0_parallel_trends,synth_adjusted_did,0.004619847323154485,0.064463323381593,0.004134177072110577,3,3,1,1,1,1
S0_parallel_trends,twfe,0.005813848994309574,0.06513362435895641,0.004208588182005006,4,,2,,2,
S1_linear_weak,gbm_adjusted_did,0.04756290595911351,0.1024412955043996,0.008231989001344244,5,4,5,4,4,3
S1_linear_weak,linear_adjusted_did,0.04060592110086259,0.08185176685577132,0.005050870908962069,2,2,1,1,1,1
S1_linear_weak,random_forest_adjusted_did,0.02731962998411916,0.09881113701172327,0.009017278615080365,1,1,4,3,5,4
S1_linear_weak,synth_adjusted_did,0.04131739096931816,0.08223197254692109,0.005054970512446088,4,3,3,2,3,2
S1_linear_weak,twfe,0.04060592110086259,0.08185176685577132,0.005050870908962069,2,,1,,1,
S2_linear_moderate,gbm_adjusted_did,0.2521698742318357,0.2735991961855326,0.01126687468326975,5,4,5,4,5,4
S2_linear_moderate,linear_adjusted_did,0.2280291474690996,0.2485964889423037,0.009802922218956563,3,3,3,3,2,2
S2_linear_moderate,random_forest_adjusted_did,0.1442735530953519,0.1780805409220481,0.01089782093233194,1,1,1,1,4,3
S2_linear_moderate,synth_adjusted_did,0.2220885761942177,0.2428183225052632,0.009637402068295166,2,2,2,2,1,1
S2_linear_moderate,twfe,0.2280291474690996,0.2485964889423037,0.009802922218956563,3,,3,,2,
S3_linear_strong,gbm_adjusted_did,0.6997473246371646,0.7092798112803588,0.01343153235303184,3,3,3,3,1,1
S3_linear_strong,linear_adjusted_did,0.8222271941460778,0.8344925441137464,0.02032024738810112,4,4,4,4,3,3
S3_linear_strong,random_forest_adjusted_did,0.4941868999847704,0.5088371011421249,0.01469450338216356,1,1,1,1,2,2
S3_linear_strong,synth_adjusted_did,0.6913840211497909,0.7089458741929983,0.02459238783402011,2,2,2,2,5,4
S3_linear_strong,twfe,0.8222271941460778,0.8344925441137464,0.02032024738810112,4,,4,,3,
S4_quadratic_moderate,gbm_adjusted_did,0.2747147457497474,0.2971689769433985,0.01284120932523777,5,4,5,4,5,4
S4_quadratic_moderate,linear_adjusted_did,0.264667560746646,0.2836191175870565,0.01039088614928104,2,2,2,2,1,1
S4_quadratic_moderate,random_forest_adjusted_did,0.1918142730470511,0.2216774324064838,0.01234816869376251,1,1,1,1,4,3
S4_quadratic_moderate,synth_adjusted_did,0.2651829797089526,0.284112604659671,0.01039795939918378,4,3,4,3,3,2
S4_quadratic_moderate,twfe,0.264667560746646,0.2836191175870565,0.01039088614928104,2,,2,,1,
S5_quadratic_strong,gbm_adjusted_did,0.8761039812798431,0.8859832879282542,0.01740820047376814,2,2,2,2,1,1
S5_quadratic_strong,linear_adjusted_did,0.919422486270457,0.93138354124518,0.02213759264266319,4,4,4,4,3,3
S5_quadratic_strong,random_forest_adjusted_did,0.6691998021346277,0.6827277687283061,0.01828883101570657,1,1,1,1,2,2
S5_quadratic_strong,synth_adjusted_did,0.8926688850554303,0.9054025855701766,0.02289610361105594,3,3,3,3,5,4
S5_quadratic_strong,twfe,0.919422486270457,0.93138354124518,0.02213759264266319,4,,4,,3,
S6_linear_high_noise,gbm_adjusted_did,0.2472036889571406,0.318377819922437,0.04025477238454501,4,3,3,2,2,2
S6_linear_high_noise,linear_adjusted_did,0.2294751425062153,0.3051751142667787,0.04047300933949364,2,2,1,1,3,3
S6_linear_high_noise,random_forest_adjusted_did,0.1379882082257631,0.3204852055398683,0.08367002136057508,1,1,4,3,5,4
S6_linear_high_noise,synth_adjusted_did,0.2702204616461568,0.3338480302713813,0.03843540942381903,5,4,5,4,1,1
S6_linear_high_noise,twfe,0.2294751425062153,0.3051751142667787,0.04047300933949364,2,,1,,3,
