scenario,method,forecast_method,true_ATT,n_total,n_success,n_failed,failure_rate,mean_estimate,monte_carlo_bias,absolute_bias,mean_absolute_error,relative_bias_pct,rmse,empirical_sd,monte_carlo_standard_error,mean_true_selection_bias,mean_estimated_selection_bias,selection_bias_mean_error,selection_bias_absolute_bias,selection_bias_mean_absolute_error,selection_bias_rmse,selection_bias_monte_carlo_se,mean_runtime_seconds,total_runtime_seconds,variance_population,variance_sample,rmse_mcse,coverage,coverage_status,validation_status
S0_parallel_trends,gbm_adjusted_did,gbm,2,500,500,0,0,1.996565894108609,-0.003434105891391116,0.003434105891391116,0.06323177222098308,-0.1717052945695558,0.07873761810947645,0.07874147485286567,0.003521425808391958,-0.005813848994309572,-0.002379743102918406,0.003434105891391163,0.003434105891391163,0.06323177222098321,0.07873761810947663,0.003521425808391965,0.8952599999999882,447.6299999999941,0.006187819422280468,0.006200219862004477,0.002423750669885396,,not implemented,all raw summaries independently verified; 3 selected refits per scenario checked separately
S0_parallel_trends,linear_adjusted_did,linear,2,500,500,0,0,1.99418615100569,-0.005813848994309553,0.005813848994309553,0.05187743655899728,-0.2906924497154776,0.06513362435895638,0.06493860351484253,0.002904142636461892,-0.005813848994309572,-2.02908436580664e-18,0.005813848994309568,0.005813848994309568,0.05187743655899736,0.06513362435895639,0.002904142636461894,0.01112000000000349,5.560000000001745,0.004208588182005002,0.004217022226457917,0.002029575374574885,,not implemented,all raw summaries independently verified; 3 selected refits per scenario checked separately
S0_parallel_trends,random_forest_adjusted_did,random_forest,2,500,500,0,0,1.998647553893014,-0.001352446106986322,0.001352446106986322,0.07723957332694481,-0.06762230534931608,0.09646259263013589,0.09654970926509096,0.004317834262491693,-0.005813848994309572,-0.004461402887323093,0.001352446106986463,0.001352446106986463,0.07723957332694474,0.09646259263013567,0.004317834262491682,11.19340000000001,5596.700000000004,0.009303202666455243,0.00932184635917359,0.002934644165416008,,not implemented,all raw summaries independently verified; 3 selected refits per scenario checked separately
S0_parallel_trends,synth_adjusted_did,synth,2,500,500,0,0,1.995380152676846,-0.004619847323154485,0.004619847323154485,0.05195790659276999,-0.2309923661577242,0.064463323381593,0.06436196078510026,0.002878354389613198,-0.005813848994309572,-0.001194001671155045,0.004619847323154529,0.004619847323154529,0.05195790659276992,0.06446332338159291,0.002878354389613194,0.1198399999999937,59.91999999999686,0.004134177072110577,0.004142461996102783,0.002033848743932472,,not implemented,all raw summaries independently verified; 3 selected refits per scenario checked separately
S0_parallel_trends,twfe,,2,500,500,0,0,1.99418615100569,-0.005813848994309574,0.005813848994309574,0.05187743655899731,-0.2906924497154787,0.06513362435895641,0.06493860351484255,0.002904142636461894,-0.005813848994309572,,,,,,,0,0,0.004208588182005006,0.004217022226457921,0.002029575374574885,,not implemented,all raw summaries independently verified; 3 selected refits per scenario checked separately
S1_linear_weak,gbm_adjusted_did,gbm,2,500,500,0,0,2.047562905959113,0.04756290595911351,0.04756290595911351,0.08202828592046718,2.378145297955675,0.1024412955043996,0.09082117579777761,0.004061646457605789,0.04060592110086266,-0.006956984858250975,-0.04756290595911363,0.04756290595911363,0.08202828592046711,0.1024412955043995,0.004061646457605782,0.6438800000000069,321.9400000000035,0.008231989001344244,0.008248485973290826,0.003184723166203423,,not implemented,all raw summaries independently verified; 3 selected refits per scenario checked separately
S1_linear_weak,linear_adjusted_did,linear,2,500,500,0,0,2.040605921100863,0.04060592110086259,0.04060592110086259,0.06630303989780008,2.030296055043129,0.08185176685577132,0.07114065570931696,0.003181506842598825,0.04060592110086266,-6.464663873662067e-18,-0.04060592110086266,0.04060592110086266,0.06630303989780011,0.08185176685577146,0.003181506842598829,0.01169999999999431,5.849999999997156,0.005050870908962069,0.005060992894751572,0.002465484559197353,,not implemented,all raw summaries independently verified; 3 selected refits per scenario checked separately
S1_linear_weak,random_forest_adjusted_did,random_forest,2,500,500,0,0,2.027319629984119,0.02731962998411916,0.02731962998411916,0.07812844049333237,1.365981499205958,0.09881113701172327,0.09505445446536306,0.004250964434974205,0.04060592110086266,0.01328629111674337,-0.0273196299841193,0.0273196299841193,0.07812844049333219,0.09881113701172303,0.004250964434974192,3.627739999999995,1813.869999999997,0.009017278615080365,0.00903534931370778,0.003114998175787589,,not implemented,all raw summaries independently verified; 3 selected refits per scenario checked separately
S1_linear_weak,synth_adjusted_did,synth,2,500,500,0,0,2.041317390969318,0.04131739096931816,0.04131739096931816,0.06656894909528001,2.065869548465908,0.08223197254692109,0.07116952096139074,0.003182797735915318,0.04060592110086266,-0.0007114698684554654,-0.04131739096931811,0.04131739096931811,0.06656894909527993,0.08223197254692097,0.003182797735915312,0.1194599999999978,59.72999999999892,0.005054970512446088,0.005065100713873836,0.002530965672260391,,not implemented,all raw summaries independently verified; 3 selected refits per scenario checked separately
S1_linear_weak,twfe,,2,500,500,0,0,2.040605921100863,0.04060592110086259,0.04060592110086259,0.06630303989780008,2.030296055043129,0.08185176685577132,0.07114065570931696,0.003181506842598825,0.04060592110086266,,,,,,,0,0,0.005050870908962069,0.005060992894751572,0.002465484559197353,,not implemented,all raw summaries independently verified; 3 selected refits per scenario checked separately
S2_linear_moderate,gbm_adjusted_did,gbm,2,500,500,0,0,2.252169874231835,0.2521698742318357,0.2521698742318357,0.2531804315872496,12.60849371159178,0.2735991961855326,0.1062518404097108,0.004751726757811449,0.2280291474690995,-0.02414072676273631,-0.2521698742318358,0.2521698742318358,0.2531804315872497,0.2735991961855328,0.004751726757811453,0.8891600000000066,444.5800000000033,0.01126687468326975,0.01128945359045065,0.004444434995985642,,not implemented,all raw summaries independently verified; 3 selected refits per scenario checked separately
S2_linear_moderate,linear_adjusted_did,linear,2,500,500,0,0,2.228029147469099,0.2280291474690996,0.2280291474690996,0.2287671477301128,11.40145737345498,0.2485964889423037,0.09910886617081184,0.004432283238617291,0.2280291474690995,-5.431690253826507e-18,-0.2280291474690995,0.2280291474690995,0.2287671477301128,0.2485964889423036,0.004432283238617287,0.01251999999999167,6.259999999995838,0.009802922218956563,0.009822567353663891,0.004251589332879052,,not implemented,all raw summaries independently verified; 3 selected refits per scenario checked separately
S2_linear_moderate,random_forest_adjusted_did,random_forest,2,500,500,0,0,2.144273553095351,0.1442735530953519,0.1442735530953519,0.1522919898710823,7.213677654767594,0.1780805409220481,0.104497178205144,0.004673255878472228,0.2280291474690995,0.08375559437374759,-0.1442735530953519,0.1442735530953519,0.1522919898710823,0.178080540922048,0.004673255878472219,11.19919999999999,5599.599999999997,0.01089782093233194,0.01091966025283762,0.004136367824072033,,not implemented,all raw summaries independently verified; 3 selected refits per scenario checked separately
S2_linear_moderate,synth_adjusted_did,synth,2,500,500,0,0,2.222088576194218,0.2220885761942177,0.2220885761942177,0.2228695965848406,11.10442880971088,0.2428183225052632,0.09826858856874741,0.004394704881853559,0.2280291474690995,0.005940571274882057,-0.2220885761942174,0.2220885761942174,0.2228695965848404,0.2428183225052631,0.004394704881853572,0.1228400000000065,61.42000000000326,0.009637402068295166,0.009656715499293754,0.004194716182659258,,not implemented,all raw summaries independently verified; 3 selected refits per scenario checked separately
S2_linear_moderate,twfe,,2,500,500,0,0,2.228029147469099,0.2280291474690996,0.2280291474690996,0.2287671477301128,11.40145737345498,0.2485964889423037,0.09910886617081184,0.004432283238617291,0.2280291474690995,,,,,,,0,0,0.009802922218956563,0.009822567353663891,0.004251589332879052,,not implemented,all raw summaries independently verified; 3 selected refits per scenario checked separately
S3_linear_strong,gbm_adjusted_did,gbm,2,500,500,0,0,2.699747324637165,0.6997473246371646,0.6997473246371646,0.6997473246371646,34.98736623185823,0.7092798112803588,0.1160105566383289,0.005188149815017857,0.8222271941460777,0.1224798695089132,-0.6997473246371645,0.6997473246371645,0.6997473246371645,0.7092798112803587,0.005188149815017857,0.6419799999999873,320.9899999999936,0.01343153235303184,0.01345844925153491,0.00519234559815206,,not implemented,all raw summaries independently verified; 3 selected refits per scenario checked separately
S3_linear_strong,linear_adjusted_did,linear,2,500,500,0,0,2.822227194146078,0.8222271941460778,0.8222271941460778,0.8222271941460778,41.11135970730389,0.8344925441137464,0.1426918684675291,0.006381374354597076,0.8222271941460777,2.720046410331633e-18,-0.8222271941460776,0.8222271941460776,0.8222271941460776,0.8344925441137463,0.006381374354597077,0.01279999999999386,6.399999999996929,0.02032024738810112,0.02036096932675463,0.006354704908561343,,not implemented,all raw summaries independently verified; 3 selected refits per scenario checked separately
S3_linear_strong,random_forest_adjusted_did,random_forest,2,500,500,0,0,2.49418689998477,0.4941868999847704,0.4941868999847704,0.4941868999847704,24.70934499923852,0.5088371011421249,0.1213422897621972,0.005426592169074993,0.8222271941460777,0.3280402941613071,-0.4941868999847707,0.4941868999847707,0.4941868999847707,0.508837101142125,0.005426592169074977,11.33192000000001,5665.960000000004,0.01469450338216356,0.01472395128473302,0.005414560396839963,,not implemented,all raw summaries independently verified; 3 selected refits per scenario checked separately
S3_linear_strong,synth_adjusted_did,synth,2,500,500,0,0,2.691384021149791,0.6913840211497909,0.6913840211497909,0.6913840211497909,34.56920105748954,0.7089458741929983,0.1569766580621872,0.007020209566155821,0.8222271941460777,0.1308431729962871,-0.6913840211497907,0.6913840211497907,0.6913840211497907,0.708945874192998,0.00702020956615581,0.1193399999999992,59.66999999999959,0.02459238783402011,0.02464167117637285,0.006991395625300597,,not implemented,all raw summaries independently verified; 3 selected refits per scenario checked separately
S3_linear_strong,twfe,,2,500,500,0,0,2.822227194146078,0.8222271941460778,0.8222271941460778,0.8222271941460778,41.11135970730389,0.8344925441137464,0.1426918684675291,0.006381374354597076,0.8222271941460777,,,,,,,0,0,0.02032024738810112,0.02036096932675463,0.006354704908561343,,not implemented,all raw summaries independently verified; 3 selected refits per scenario checked separately
S4_quadratic_moderate,gbm_adjusted_did,gbm,2,500,500,0,0,2.274714745749747,0.2747147457497474,0.2747147457497474,0.2755208995011469,13.73573728748737,0.2971689769433985,0.1134325491720127,0.005072857816194159,0.2646675607466459,-0.0100471850031013,-0.2747147457497472,0.2747147457497472,0.2755208995011468,0.2971689769433984,0.005072857816194164,0.6446000000000019,322.300000000001,0.01284120932523777,0.01286694321166109,0.004952465671575675,,not implemented,all raw summaries independently verified; 3 selected refits per scenario checked separately
S4_quadratic_moderate,linear_adjusted_did,linear,2,500,500,0,0,2.264667560746646,0.264667560746646,0.264667560746646,0.2649511117503086,13.2333780373323,0.2836191175870565,0.1020377850034872,0.00456326847082612,0.2646675607466459,4.99302205483888e-18,-0.2646675607466459,0.2646675607466459,0.2649511117503085,0.2836191175870564,0.004563268470826111,0.01394000000000341,6.970000000001707,0.01039088614928104,0.01041170956841788,0.004406841162506109,,not implemented,all raw summaries independently verified; 3 selected refits per scenario checked separately
S4_quadratic_moderate,random_forest_adjusted_did,random_forest,2,500,500,0,0,2.191814273047051,0.1918142730470511,0.1918142730470511,0.1960630219351207,9.590713652352553,0.2216774324064838,0.1112336033885809,0.004974517971182359,0.2646675607466459,0.07285328769959494,-0.191814273047051,0.191814273047051,0.1960630219351206,0.2216774324064837,0.004974517971182363,3.6365,1818.25,0.01234816869376251,0.01237291452280813,0.004631580225147662,,not implemented,all raw summaries independently verified; 3 selected refits per scenario checked separately
S4_quadratic_moderate,synth_adjusted_did,synth,2,500,500,0,0,2.265182979708952,0.2651829797089526,0.2651829797089526,0.2654916342067613,13.25914898544763,0.284112604659671,0.1020725085082664,0.004564821353168187,0.2646675607466459,-0.0005154189623063577,-0.2651829797089523,0.2651829797089523,0.265491634206761,0.2841126046596707,0.00456482135316818,0.122800000000001,61.4000000000005,0.01039795939918378,0.01041879699317012,0.004402715541819912,,not implemented,all raw summaries independently verified; 3 selected refits per scenario checked separately
S4_quadratic_moderate,twfe,,2,500,500,0,0,2.264667560746646,0.264667560746646,0.264667560746646,0.2649511117503086,13.2333780373323,0.2836191175870565,0.1020377850034872,0.00456326847082612,0.2646675607466459,,,,,,,0,0,0.01039088614928104,0.01041170956841788,0.004406841162506109,,not implemented,all raw summaries independently verified; 3 selected refits per scenario checked separately
S5_quadratic_strong,gbm_adjusted_did,gbm,2,500,500,0,0,2.876103981279843,0.8761039812798431,0.8761039812798431,0.8761039812798431,43.80519906399216,0.8859832879282542,0.132072278117182,0.005906451836265536,0.9194224862704569,0.04331850499061379,-0.8761039812798429,0.8761039812798429,0.8761039812798429,0.8859832879282541,0.005906451836265535,0.9041399999999957,452.0699999999979,0.01740820047376814,0.01744308664706227,0.005834455837427275,,not implemented,all raw summaries independently verified; 3 selected refits per scenario checked separately
S5_quadratic_strong,linear_adjusted_did,linear,2,500,500,0,0,2.919422486270457,0.919422486270457,0.919422486270457,0.919422486270457,45.97112431352285,0.93138354124518,0.1489360821150293,0.006660624078233921,0.9194224862704569,2.18125214071496e-18,-0.9194224862704569,0.9194224862704569,0.9194224862704569,0.9313835412451799,0.006660624078233928,0.01366000000000591,6.830000000002952,0.02213759264266319,0.02218195655577474,0.00653719917709907,,not implemented,all raw summaries independently verified; 3 selected refits per scenario checked separately
S5_quadratic_strong,random_forest_adjusted_did,random_forest,2,500,500,0,0,2.669199802134627,0.6691998021346277,0.6691998021346277,0.6691998021346277,33.45999010673138,0.6827277687283061,0.1353716439276184,0.006054003960961027,0.9194224862704569,0.2502226841358292,-0.6691998021346275,0.6691998021346275,0.6691998021346275,0.682727768728306,0.006054003960961029,11.14858000000001,5574.290000000005,0.01828883101570657,0.01832548197966591,0.005996049848489691,,not implemented,all raw summaries independently verified; 3 selected refits per scenario checked separately
S5_quadratic_strong,synth_adjusted_did,synth,2,500,500,0,0,2.89266888505543,0.8926688850554303,0.8926688850554303,0.8926688850554303,44.63344425277151,0.9054025855701766,0.1514661268608543,0.006773771118989538,0.9194224862704569,0.02675360121502631,-0.8926688850554304,0.8926688850554304,0.8926688850554304,0.9054025855701767,0.006773771118989529,0.1232399999999859,61.61999999999293,0.02289610361105594,0.02294198758622839,0.006623178319575316,,not implemented,all raw summaries independently verified; 3 selected refits per scenario checked separately
S5_quadratic_strong,twfe,,2,500,500,0,0,2.919422486270457,0.919422486270457,0.919422486270457,0.919422486270457,45.97112431352285,0.93138354124518,0.1489360821150293,0.006660624078233921,0.9194224862704569,,,,,,,0,0,0.02213759264266319,0.02218195655577474,0.00653719917709907,,not implemented,all raw summaries independently verified; 3 selected refits per scenario checked separately
S6_linear_high_noise,gbm_adjusted_did,gbm,2,500,500,0,0,2.247203688957141,0.2472036889571406,0.2472036889571406,0.2715881181138859,12.36018444785703,0.318377819922437,0.2008368573521483,0.008981697308536641,0.2294751425062154,-0.01772854645092521,-0.2472036889571406,0.2472036889571406,0.271588118113886,0.318377819922437,0.008981697308536639,0.6291800000000088,314.5900000000044,0.04025477238454501,0.04033544327108718,0.007833675258259702,,not implemented,all raw summaries independently verified; 3 selected refits per scenario checked separately
S6_linear_high_noise,linear_adjusted_did,linear,2,500,500,0,0,2.229475142506215,0.2294751425062153,0.2294751425062153,0.2566691838518137,11.47375712531077,0.3051751142667787,0.2013805292838484,0.00900601105647144,0.2294751425062154,3.495034123224267e-18,-0.2294751425062154,0.2294751425062154,0.2566691838518136,0.3051751142667787,0.009006011056471436,0.01164000000000402,5.820000000002009,0.04047300933949364,0.04055411757464292,0.007639031163015741,,not implemented,all raw summaries independently verified; 3 selected refits per scenario checked separately
S6_linear_high_noise,random_forest_adjusted_did,random_forest,2,500,500,0,0,2.137988208225763,0.1379882082257631,0.1379882082257631,0.2552552905164225,6.899410411288155,0.3204852055398683,0.2895473998399627,0.01294895337500937,0.2294751425062154,0.09148693428045244,-0.1379882082257629,0.1379882082257629,0.2552552905164224,0.3204852055398684,0.01294895337500937,3.670799999999999,1835.4,0.08367002136057508,0.08383769675408324,0.009537343653948165,,not implemented,all raw summaries independently verified; 3 selected refits per scenario checked separately
S6_linear_high_noise,synth_adjusted_did,synth,2,500,500,0,0,2.270220461646157,0.2702204616461568,0.2702204616461568,0.2862048212006951,13.51102308230784,0.3338480302713813,0.196245851656548,0.008776381292127619,0.2294751425062154,-0.04074531913994121,-0.2702204616461567,0.2702204616461567,0.286204821200695,0.3338480302713812,0.008776381292127626,0.120339999999993,60.16999999999652,0.03843540942381903,0.03851243429240383,0.008009921678857371,,not implemented,all raw summaries independently verified; 3 selected refits per scenario checked separately
S6_linear_high_noise,twfe,,2,500,500,0,0,2.229475142506215,0.2294751425062153,0.2294751425062153,0.2566691838518137,11.47375712531077,0.3051751142667787,0.2013805292838484,0.00900601105647144,0.2294751425062154,,,,,,,0,0,0.04047300933949364,0.04055411757464292,0.007639031163015741,,not implemented,all raw summaries independently verified; 3 selected refits per scenario checked separately
