"scenario","method","absolute_bias","rmse","variance_population","rank_rmse","rank_absolute_bias"
"S0_parallel_trends","synth_adjusted_did",0.00461984732315448,0.064463323381593,0.00413417707211058,1,3
"S0_parallel_trends","linear_adjusted_did",0.00581384899430955,0.0651336243589564,0.004208588182005,2,4
"S0_parallel_trends","scenario_matched_gap_adjusted_did",0.00581384899430956,0.0651336243589564,0.004208588182005,3,5
"S0_parallel_trends","twfe",0.00581384899430957,0.0651336243589564,0.00420858818200501,4,6
"S0_parallel_trends","gbm_adjusted_did",0.00343410589139112,0.0787376181094765,0.00618781942228047,5,2
"S0_parallel_trends","random_forest_adjusted_did",0.00135244610698632,0.0964625926301359,0.00930320266645524,6,1
"S1_linear_weak","twfe",0.0406059211008626,0.0818517668557713,0.00505087090896207,1,3
"S1_linear_weak","linear_adjusted_did",0.0406059211008626,0.0818517668557713,0.00505087090896207,1,3
"S1_linear_weak","synth_adjusted_did",0.0413173909693182,0.0822319725469211,0.00505497051244609,3,5
"S1_linear_weak","random_forest_adjusted_did",0.0273196299841192,0.0988111370117233,0.00901727861508037,4,2
"S1_linear_weak","gbm_adjusted_did",0.0475629059591135,0.1024412955044,0.00823198900134424,5,6
"S1_linear_weak","scenario_matched_gap_adjusted_did",0.00349781036839887,0.137174508655322,0.0188046111474558,6,1
"S2_linear_moderate","scenario_matched_gap_adjusted_did",0.000246094814774902,0.134351527807956,0.018050272461674,1,1
"S2_linear_moderate","random_forest_adjusted_did",0.144273553095352,0.178080540922048,0.0108978209323319,2,2
"S2_linear_moderate","synth_adjusted_did",0.222088576194218,0.242818322505263,0.00963740206829517,3,3
"S2_linear_moderate","twfe",0.2280291474691,0.248596488942304,0.00980292221895656,4,4
"S2_linear_moderate","linear_adjusted_did",0.2280291474691,0.248596488942304,0.00980292221895656,4,4
"S2_linear_moderate","gbm_adjusted_did",0.252169874231836,0.273599196185533,0.0112668746832697,6,6
"S3_linear_strong","scenario_matched_gap_adjusted_did",0.00450742912570765,0.137656086350411,0.0189288811919886,1,1
"S3_linear_strong","random_forest_adjusted_did",0.49418689998477,0.508837101142125,0.0146945033821636,2,2
"S3_linear_strong","synth_adjusted_did",0.691384021149791,0.708945874192998,0.0245923878340201,3,3
"S3_linear_strong","gbm_adjusted_did",0.699747324637165,0.709279811280359,0.0134315323530318,4,4
"S3_linear_strong","twfe",0.822227194146078,0.834492544113746,0.0203202473881011,5,5
"S3_linear_strong","linear_adjusted_did",0.822227194146078,0.834492544113746,0.0203202473881011,5,5
"S4_quadratic_moderate","random_forest_adjusted_did",0.191814273047051,0.221677432406484,0.0123481686937625,1,2
"S4_quadratic_moderate","twfe",0.264667560746646,0.283619117587056,0.010390886149281,2,3
"S4_quadratic_moderate","linear_adjusted_did",0.264667560746646,0.283619117587056,0.010390886149281,2,3
"S4_quadratic_moderate","synth_adjusted_did",0.265182979708953,0.284112604659671,0.0103979593991838,4,5
"S4_quadratic_moderate","gbm_adjusted_did",0.274714745749747,0.297168976943398,0.0128412093252378,5,6
"S4_quadratic_moderate","scenario_matched_gap_adjusted_did",0.0313976451386763,0.373287850994103,0.138358007579541,6,1
"S5_quadratic_strong","scenario_matched_gap_adjusted_did",0.00227920867638694,0.405827041739887,0.164690393015157,1,1
"S5_quadratic_strong","random_forest_adjusted_did",0.669199802134628,0.682727768728306,0.0182888310157066,2,2
"S5_quadratic_strong","gbm_adjusted_did",0.876103981279843,0.885983287928254,0.0174082004737681,3,3
"S5_quadratic_strong","synth_adjusted_did",0.89266888505543,0.905402585570177,0.0228961036110559,4,4
"S5_quadratic_strong","twfe",0.919422486270457,0.93138354124518,0.0221375926426632,5,5
"S5_quadratic_strong","linear_adjusted_did",0.919422486270457,0.93138354124518,0.0221375926426632,5,5
"S6_linear_high_noise","twfe",0.229475142506215,0.305175114266779,0.0404730093394936,1,3
"S6_linear_high_noise","linear_adjusted_did",0.229475142506215,0.305175114266779,0.0404730093394936,1,3
"S6_linear_high_noise","gbm_adjusted_did",0.247203688957141,0.318377819922437,0.040254772384545,3,5
"S6_linear_high_noise","random_forest_adjusted_did",0.137988208225763,0.320485205539868,0.0836700213605751,4,2
"S6_linear_high_noise","synth_adjusted_did",0.270220461646157,0.333848030271381,0.038435409423819,5,6
"S6_linear_high_noise","scenario_matched_gap_adjusted_did",0.00116458662265926,0.397145743167528,0.157723385054087,6,1
