draw,selected_method,selected_rmse,adjusted_estimate,twfe,bias_term,rmse_twfe,rmse_linear_gap,rmse_synthetic_control,rmse_random_forest,rmse_gradient_boosting
1,synthetic_control,0.008544990897205406,-0.014894639346477369,0.024714518514316518,0.03960915786079389,0.009668865037812033,0.011683581130685051,0.008544990897205406,0.010130807984134816,0.010468088120429913
2,twfe,0.00760567919684419,0.0315062771985849,0.0315062771985849,0.0,0.00760567919684419,0.008985920712424891,0.008744755476245352,0.00796704720849892,0.008064626668677318
3,synthetic_control,0.009414542047526137,0.008820746697950646,0.04390391934251584,0.035083172644565196,0.009874415146877218,0.011563811478513684,0.009414542047526137,0.010663310898800704,0.010807964285928619
4,twfe,0.011902488977911595,0.03181325234098044,0.03181325234098044,0.0,0.011902488977911595,0.014489955225561428,0.013445515408396874,0.012636625809280343,0.01341947411772015
5,synthetic_control,0.007924863497974026,-0.020096019450390468,0.019907356313382134,0.0400033757637726,0.008151816610769995,0.009758760323507906,0.007924863497974026,0.0085091687928556,0.008895346583022748
6,twfe,0.01250787845174555,0.07181520582934565,0.07181520582934565,0.0,0.01250787845174555,0.015617455812641134,0.014633754521397537,0.013526494444828244,0.013922794533282056
7,twfe,0.010005563683211094,0.03815867902344885,0.03815867902344885,0.0,0.010005563683211094,0.011855856980526767,0.010224422377509004,0.01046174255160016,0.010947019066335948
8,random_forest,0.007992528880155558,0.01780091231108001,0.012651954359828075,-0.005148957951251935,0.008262157866135026,0.009387613962353016,0.008228851368836453,0.007992528880155558,0.008404270702973797
9,synthetic_control,0.008790708757936442,-0.04182330999790045,0.02322688589605882,0.06505019589395927,0.008984520545830935,0.010991140037751784,0.008790708757936442,0.00974987585209369,0.010022936714573405
10,twfe,0.027762115990788615,0.12751066597220445,0.12751066597220445,0.0,0.027762115990788615,0.0340635249231524,0.03424090741395668,0.029269985997188816,0.029929211485184813
11,twfe,0.011506857499752969,0.01852808208740413,0.01852808208740413,0.0,0.011506857499752969,0.013139837692815622,0.013085035168557482,0.011671135763797552,0.011985459673062535
12,synthetic_control,0.007251954000593558,-0.025606889276146502,0.010792549940901591,0.036399439217048093,0.007575995873259316,0.009230341835882628,0.007251954000593558,0.0076911879026131625,0.00798666488173301
13,twfe,0.013781161421370425,0.059783626154008944,0.059783626154008944,0.0,0.013781161421370425,0.016989367696597205,0.017919177720078668,0.014301005156128055,0.014270231436995571
14,twfe,0.009870494934271437,0.014415129476719626,0.014415129476719626,0.0,0.009870494934271437,0.011399860228876891,0.010581929959678521,0.009917354274881161,0.010027387980777739
15,twfe,0.011457898352447675,0.08054308164260414,0.08054308164260414,0.0,0.011457898352447675,0.013709582534507422,0.012932837150940985,0.012434216402330067,0.012720532242109991
16,twfe,0.008191236460509668,0.03781689546078798,0.03781689546078798,0.0,0.008191236460509668,0.009618963396410917,0.008876250560077478,0.008717123726243663,0.008676314886226064
17,twfe,0.013198556636730604,0.040858846996472596,0.040858846996472596,0.0,0.013198556636730604,0.016090006115773322,0.014768808960372009,0.01350607900559979,0.013638982059106254
18,twfe,0.011549611634753704,0.09022350131866128,0.09022350131866128,0.0,0.011549611634753704,0.013533156344637904,0.01329160914668939,0.01255046943478154,0.012800218858059103
19,twfe,0.01686843453138022,0.05846185621933128,0.05846185621933128,0.0,0.01686843453138022,0.02014459313399095,0.023897458457644658,0.01809934381533016,0.018588557847071155
20,synthetic_control,0.009580194736723705,-0.006150020827060787,0.02155055917135991,0.027700579998420696,0.01083641316710033,0.012973000163883702,0.009580194736723705,0.01109115628300274,0.011706310916628522
21,twfe,0.20419128292033445,0.9461886553991817,0.9461886553991817,0.0,0.20419128292033445,0.2480188541989684,0.26366827659698344,0.2209579597711525,0.22455116751818216
22,synthetic_control,0.009714910650463135,-0.027574030402624947,0.009580730274510181,0.03715476067713513,0.009978690290343237,0.011236198842066182,0.009714910650463135,0.010456742422533792,0.010824738000185016
23,twfe,0.011026805520659308,0.022828791165106006,0.022828791165106006,0.0,0.011026805520659308,0.013589532752667034,0.011680975985006318,0.011109635604819278,0.012085015572587914
24,random_forest,0.009279711782730295,-0.007876370817709219,-0.0073125404007756915,0.0005638304169335272,0.009448145463336161,0.010373963093919927,0.009617356154615044,0.009279711782730295,0.009425796898111048
25,twfe,0.0093283596860687,0.028738634161638583,0.028738634161638583,0.0,0.0093283596860687,0.01125597983006358,0.010078075823694898,0.00962138297973709,0.009556476899143736
26,twfe,0.012416596751207848,0.05800280120483778,0.05800280120483778,0.0,0.012416596751207848,0.014842537150760724,0.013993229896359276,0.012943977944918516,0.012877168015396737
27,twfe,0.020007078025897834,0.026627305278990664,0.026627305278990664,0.0,0.020007078025897834,0.02397743655653047,0.022487660407949875,0.02097465257171656,0.021614686496191086
28,twfe,0.016266731826564525,0.059667640585724574,0.059667640585724574,0.0,0.016266731826564525,0.020048490542896747,0.01949734500315987,0.016845266435531345,0.017241348331385176
29,twfe,0.00929940308923108,0.05304883438294111,0.05304883438294111,0.0,0.00929940308923108,0.011298781368491431,0.010711182814536866,0.009913005773155643,0.010041374352957157
30,random_forest,0.00917864277454431,0.01084357608561826,0.01160999066753297,0.0007664145819147108,0.009233443295947488,0.010402702167163947,0.009182116016594128,0.00917864277454431,0.009666596129130896
31,twfe,0.013977395359405594,0.06406408717333088,0.06406408717333088,0.0,0.013977395359405594,0.016239401202929195,0.017995633978815963,0.014275779293454149,0.014527992993430501
32,twfe,0.20344899152183282,0.9348057171586586,0.9348057171586586,0.0,0.20344899152183282,0.24683426867206867,0.27747909883239313,0.21976480878260043,0.2226499160595431
33,gradient_boosting,0.008428267223923322,0.018597624401154842,0.02154724153052279,0.0029496171293679485,0.00870943275317372,0.009887996937941387,0.00985893494164896,0.008494478368273507,0.008428267223923322
34,twfe,0.008667931376465519,0.05896502190619839,0.05896502190619839,0.0,0.008667931376465519,0.010371409966607788,0.009557492202779244,0.009445759527943775,0.009778207214134364
35,twfe,0.021354626227356472,0.14432366254228596,0.14432366254228596,0.0,0.021354626227356472,0.025347243572168825,0.023323936967397624,0.02286654031551328,0.023504896460183815
36,twfe,0.009656239460183125,0.03930114586788638,0.03930114586788638,0.0,0.009656239460183125,0.011793154054315611,0.01230736353276985,0.010249001282379672,0.010513086137802339
37,synthetic_control,0.010158230357733337,-0.00473449031586879,0.019234186211798163,0.023968676527666953,0.011446164262557082,0.012716566201988177,0.010158230357733337,0.010868076811558425,0.011179206360886712
38,twfe,0.009684573146711018,0.040362730201504084,0.040362730201504084,0.0,0.009684573146711018,0.011036602122740753,0.010605435987521714,0.01017919270081292,0.010382724382580673
39,twfe,0.019997014479156167,0.02153511997261996,0.02153511997261996,0.0,0.019997014479156167,0.024116384026875298,0.022089106785347545,0.02082355300891691,0.021440832346253047
40,twfe,0.00981347408966306,0.023354794846138827,0.023354794846138827,0.0,0.00981347408966306,0.011575690455983162,0.01171490138526024,0.009903013615158577,0.010058879203204266
41,twfe,0.013913530723129898,0.07516290687932478,0.07516290687932478,0.0,0.013913530723129898,0.017019702588397724,0.017672572048455466,0.014352590803551477,0.014531010884933616
42,twfe,0.014170040972129991,0.05320983024858097,0.05320983024858097,0.0,0.014170040972129991,0.016317026035530913,0.01767457569971599,0.014353264901963786,0.014510851225829359
43,random_forest,0.007906199918674585,0.02569173656076062,0.028631700305007085,0.0029399637442464634,0.008029103059733537,0.009529892026353749,0.008431452308840048,0.007906199918674585,0.008301126125229477
44,twfe,0.010503111268352688,0.04786190364172016,0.04786190364172016,0.0,0.010503111268352688,0.012980359201744555,0.01439449748832457,0.010984311120629232,0.011126852276718219
45,twfe,0.008767693034151586,0.033748034834347296,0.033748034834347296,0.0,0.008767693034151586,0.010545470879605967,0.009645207578580657,0.00936012933219728,0.009985694062268208
46,synthetic_control,0.008801390768367025,-0.025243135534169035,1.553704194347423e-05,0.02525867257611251,0.009574631966678739,0.011096393728847222,0.008801390768367025,0.00957257078776646,0.010028115140152559
47,twfe,0.010065805046510458,0.007699919763873249,0.007699919763873249,0.0,0.010065805046510458,0.011648175389308698,0.011691984526459026,0.010197109392046877,0.010082967098923668
48,twfe,0.009358897173148329,0.029500325695977873,0.029500325695977873,0.0,0.009358897173148329,0.011446932050877089,0.009543451379041923,0.009642694778655134,0.010216009970060703
49,twfe,0.014263519728789203,0.05424931090790654,0.05424931090790654,0.0,0.014263519728789203,0.016487434661704586,0.01562910240538672,0.01462492592836022,0.015158040827641982
50,twfe,0.010589521307703695,0.045066424277229344,0.045066424277229344,0.0,0.010589521307703695,0.01213968830293433,0.012372125212709454,0.011021310820905697,0.011138070066175383
51,random_forest,0.007615866863198468,0.010601136228728618,0.006863770213909678,-0.00373736601481894,0.0077601440255450375,0.009195404545211793,0.007808010700527772,0.007615866863198468,0.007957677978160233
52,twfe,0.013985615338545686,0.06534988873297329,0.06534988873297329,0.0,0.013985615338545686,0.01691979082288412,0.01657301620555195,0.014427552123304942,0.014852696467498096
53,twfe,0.00782142706973681,0.03354833640750769,0.03354833640750769,0.0,0.00782142706973681,0.009323941356612237,0.008252455498848583,0.008197837024939722,0.008568701938045648
54,twfe,0.012398302284036827,0.0807833839280902,0.0807833839280902,0.0,0.012398302284036827,0.014569348898120501,0.013402617503459386,0.012498975038864706,0.013013212729458204
55,random_forest,0.00741324857798506,0.022240127616667223,0.020821133749094244,-0.001418993867572979,0.007804513076201139,0.008579250898235117,0.007934224353629782,0.00741324857798506,0.0076204408318603645
56,twfe,0.013754056578097917,0.07875708410210386,0.07875708410210386,0.0,0.013754056578097917,0.016190359836812395,0.01502159907994491,0.015025261601359903,0.015470405902459723
57,synthetic_control,0.013256243739573579,0.005129418456212821,0.06421465206212176,0.05908523360590894,0.01326654534193262,0.01586667536684605,0.013256243739573579,0.014128887227585088,0.01433278910580234
58,twfe,0.00907250023103042,0.02358825132204647,0.02358825132204647,0.0,0.00907250023103042,0.010564408346618507,0.00923782410469115,0.009267421179588644,0.009927844987959043
59,twfe,0.008202075017477366,0.04598488649928224,0.04598488649928224,0.0,0.008202075017477366,0.010115517687662662,0.010068671151220487,0.008959627480571377,0.009132498589937246
60,twfe,0.02823461158297203,0.12430396221605011,0.12430396221605011,0.0,0.02823461158297203,0.033932578669385934,0.02948280417751689,0.029576409586834867,0.029593900815686896
61,synthetic_control,0.008404347724875225,-0.015524764416842867,0.013341213651772656,0.028865978068615523,0.00868174674247523,0.010025880091225233,0.008404347724875225,0.009141335520015084,0.009351026957498131
62,random_forest,0.010205405274673238,0.024853081693739124,0.018452380952380956,-0.006400700741358168,0.010434585083004167,0.011383836687368074,0.010337844094666784,0.010205405274673238,0.010343362028787299
63,twfe,0.010339631247465338,0.046781526681024144,0.046781526681024144,0.0,0.010339631247465338,0.012627255000242057,0.011178631917339126,0.010696087352579075,0.011302900596703469
64,twfe,0.02226371723825815,0.11462268668151022,0.11462268668151022,0.0,0.02226371723825815,0.027041794692236023,0.025986805034240973,0.02330003649634575,0.023339547722259556
65,twfe,0.013611963764291317,0.04170139358632055,0.04170139358632055,0.0,0.013611963764291317,0.016474775790500787,0.01602070916447535,0.014225230051077755,0.014110434485628744
66,synthetic_control,0.014520223269095914,0.014263027976522985,0.061726917442165574,0.04746388946564259,0.015509871367950548,0.017989623701490577,0.014520223269095914,0.016073366508547623,0.01632144347936247
67,random_forest,0.010212308015861234,0.030707927999238303,0.029626045306703826,-0.001081882692534477,0.01025668357240417,0.011882494817481428,0.011165305218908062,0.010212308015861234,0.010297208319334443
68,synthetic_control,0.008834938323378883,-0.017077952199528755,-0.024278436210254384,-0.00720048401072563,0.014308411636398819,0.017071717339786453,0.008834938323378883,0.014759656408323479,0.015180059475786416
69,random_forest,0.010294145029058229,0.030081643263492684,0.03110806981676014,0.0010264265532674566,0.010779478057798384,0.012082022345813303,0.010790475386016112,0.010294145029058229,0.010445910676237386
70,twfe,0.008709317788823586,0.0174445636802429,0.0174445636802429,0.0,0.008709317788823586,0.010302632523847595,0.009269465411963362,0.008718619706335636,0.009217063554803308
71,twfe,0.01374401929339302,0.034846357518319666,0.034846357518319666,0.0,0.01374401929339302,0.016336499759534256,0.015598790126750736,0.01418570782691193,0.014221856563166416
72,random_forest,0.007677701802771148,0.010596183021108407,0.008974353077511583,-0.001621829943596824,0.008205751075806166,0.009201264151870147,0.008418396491692421,0.007677701802771148,0.007848237243335315
73,random_forest,0.008980910096976887,-0.011211619467914637,-0.014233791807321216,-0.0030221723394065793,0.009148417768762922,0.01027398733301127,0.010008505799258417,0.008980910096976887,0.009120654673102042
74,gradient_boosting,0.008873084881996108,-0.008266115921582476,-0.008539121176483819,-0.00027300525490134286,0.009005946561893437,0.010552255544652334,0.009442776610062747,0.009069566727793452,0.008873084881996108
75,twfe,0.009201624899220561,0.0561605103971516,0.0561605103971516,0.0,0.009201624899220561,0.011368664076831236,0.010858577037678329,0.009822237125589182,0.010023597621435528
76,twfe,0.009828448083037051,0.03032685143654532,0.03032685143654532,0.0,0.009828448083037051,0.01246513200656883,0.010613756030617327,0.010454904528363104,0.011327936178097226
77,synthetic_control,0.008804938076818812,-0.008669976232596861,0.024069081463167635,0.0327390576957645,0.009422761379086484,0.011259446887744207,0.008804938076818812,0.009807178320393576,0.010045189517914613
78,gradient_boosting,0.009966645379423138,0.044177212583039735,0.04448990163275879,0.0003126890497190532,0.0102262856445731,0.01125575995598379,0.011896326031384626,0.010028681828565665,0.009966645379423138
79,twfe,0.008063487453965621,0.02953279069606067,0.02953279069606067,0.0,0.008063487453965621,0.009042531737163299,0.008669062857910808,0.00834977570793058,0.008505000146390843
80,twfe,0.014016065933967136,0.07170813028532161,0.07170813028532161,0.0,0.014016065933967136,0.016589643185390072,0.0158311132332866,0.015162271570727562,0.015791551891166884
81,synthetic_control,0.009439450185093269,-0.0003194936517467925,0.022662755109563615,0.022982248761310407,0.010678874763901301,0.01235044300099133,0.009439450185093269,0.011161766804686982,0.011600719159359672
82,synthetic_control,0.009213387241212519,-0.0011510556597030888,0.02844646126433068,0.02959751692403377,0.010277037608795628,0.012611220856777513,0.009213387241212519,0.010985621439646761,0.011512332025532732
83,random_forest,0.008763417160903975,0.008426146480325252,0.004943926288464101,-0.0034822201918611514,0.00951010452586128,0.010921171513847687,0.00978262262435364,0.008763417160903975,0.009165899045638115
84,synthetic_control,0.01134615478360696,-0.003664193652001095,0.030385632885632896,0.03404982653763399,0.01179556267646599,0.012684924462843436,0.01134615478360696,0.011841682634024936,0.012135496596841407
85,random_forest,0.007461584363310432,0.005094436444864325,0.007597669996135694,0.0025032335512713694,0.007757670401572091,0.008468194695682624,0.007559111267337437,0.007461584363310432,0.00767938809275387
86,twfe,0.011316000962109158,0.05680255336848744,0.05680255336848744,0.0,0.011316000962109158,0.013414966085283052,0.01200735586981296,0.012234770273575425,0.012967288750871084
87,twfe,0.016177681127361346,0.026293428793428796,0.026293428793428796,0.0,0.016177681127361346,0.019243777338711025,0.017352546954710637,0.016658615254474332,0.01678043534213918
88,synthetic_control,0.007744863879037007,-0.0044882524156426,0.014761277446658805,0.019249529862301405,0.011046836486281846,0.013163109636483209,0.007744863879037007,0.011744553489119413,0.012189038560293092
89,twfe,0.01231721720140566,0.05060137004651506,0.05060137004651506,0.0,0.01231721720140566,0.01472074283286861,0.014450606130612335,0.012579682260949578,0.012337539735291163
90,gradient_boosting,0.0074357440760865305,0.0074814948046313685,0.006042587975361084,-0.0014389068292702846,0.008044166927384955,0.009013622976579611,0.008646078990778032,0.007648090383030798,0.0074357440760865305
91,twfe,0.008813922404647906,0.021683482209798002,0.021683482209798002,0.0,0.008813922404647906,0.010601877634181368,0.008878507872276249,0.0095265883697193,0.009687856292894448
92,twfe,0.01237891156496634,0.06932955464752999,0.06932955464752999,0.0,0.01237891156496634,0.014615450082402526,0.01503806215407773,0.012803996916727477,0.012979807958458434
93,twfe,0.007297684971422879,0.028272856319080754,0.028272856319080754,0.0,0.007297684971422879,0.008559648880430305,0.008305345352379924,0.007835734044317129,0.007775411644915621
94,random_forest,0.009891056257022442,0.041516139375715015,0.038631981087928244,-0.0028841582877867714,0.010296688950843909,0.010941004533100825,0.009989948343640432,0.009891056257022442,0.01002079184454646
95,synthetic_control,0.009813164471186995,0.0045668333931552715,0.03564027828733711,0.03107344489418184,0.010639994747234947,0.012791851516443057,0.009813164471186995,0.011278715894439378,0.011544072158307968
96,twfe,0.010592965114404383,0.04292199067055913,0.04292199067055913,0.0,0.010592965114404383,0.012444133717092387,0.011490826433009858,0.01066732626072582,0.011379944918202402
97,twfe,0.02140186944012802,0.1420190772289373,0.1420190772289373,0.0,0.02140186944012802,0.025302712178797114,0.023387904309389775,0.02373539254867426,0.024145388216736896
98,twfe,0.023055187556480627,0.10470023427340502,0.10470023427340502,0.0,0.023055187556480627,0.027948946797591502,0.027979497677822294,0.02479795371006452,0.025396055863849253
99,random_forest,0.010189703370168305,0.03913273704774474,0.03696590765556283,-0.0021668293921819053,0.010616598374172047,0.011613296760543608,0.011276992078018582,0.010189703370168305,0.010519475978160692
