outcome,method,draws,se,ci025,ci975,two_sided_sign_p
crime_1,gradient_boosting,499,0.05638617071588526,-0.0021203578631890144,0.08224131490341362,0.07615230460921844
crime_1,linear_gap,499,0.054568200068593246,-0.006909114852799052,0.07470968214798744,0.156312625250501
crime_1,random_forest,499,0.05590227442574434,-0.002375118695665069,0.08124297527975967,0.07615230460921844
crime_1,synthetic_control,499,0.035941526615787964,-0.01978676181361341,0.05135953623715154,0.8416833667334669
crime_1,twfe,499,0.05542650943734544,-0.006450944213551497,0.07637417245273093,0.13627254509018036
crime_2,gradient_boosting,499,0.04826303372435638,-0.004049517298753727,0.06915963498137097,0.12424849699398798
crime_2,linear_gap,499,0.04578708865293324,-0.009418351638973664,0.06353733256079763,0.20440881763527055
crime_2,random_forest,499,0.04826263801223319,-0.004509074978534422,0.07000701475495215,0.12024048096192384
crime_2,synthetic_control,499,0.0327882476196818,-0.021396975523715233,0.04455468928869595,0.9218436873747495
crime_2,twfe,499,0.04867013540289019,-0.007593922975354001,0.06746681698879003,0.16032064128256512
crime_3,gradient_boosting,499,0.035366445947364794,-0.005450645293982791,0.05152140655192352,0.156312625250501
crime_3,linear_gap,499,0.03400020058344245,-0.012548411775331657,0.04386945203055106,0.3967935871743487
crime_3,random_forest,499,0.036750413037482846,-0.00625311064457953,0.051225266317088604,0.17234468937875752
crime_3,synthetic_control,499,0.026173516556169864,-0.021973260451247638,0.03375825269125195,0.9619238476953907
crime_3,twfe,499,0.03721897260632692,-0.010055543439996156,0.05098779675187674,0.2565130260521042
crime_4,gradient_boosting,499,0.03586831671234424,-0.009644202825277868,0.049246241075572905,0.2685370741482966
crime_4,linear_gap,499,0.03663926037375413,-0.01527084692500749,0.04626479074304594,0.5210420841683366
crime_4,random_forest,499,0.03690619592856033,-0.009925278181644102,0.049966971780631246,0.280561122244489
crime_4,synthetic_control,499,0.02746229305762893,-0.021398869452486473,0.03753496734932227,0.9659318637274549
crime_4,twfe,499,0.0359410757705711,-0.011911348750703618,0.04678851164942323,0.3486973947895792
men,gradient_boosting,499,0.11867525985687025,-0.007025085379270198,0.15334485505590953,0.08016032064128256
men,linear_gap,499,0.11561917299410167,-0.01692224946717153,0.1348639953458442,0.22044088176352705
men,random_forest,499,0.11790352412840502,-0.007879692961029474,0.15239192882183253,0.08016032064128256
men,synthetic_control,499,0.062232919009935925,-0.038978683104975764,0.06654355495092425,0.6693386773547094
men,twfe,499,0.1121040074580032,-0.015356299763414533,0.14421203992813303,0.1402805611222445
total,gradient_boosting,499,0.1186316515483464,-0.01192482428919873,0.1557492316965802,0.12424849699398798
total,linear_gap,499,0.11286661060313276,-0.018071805088744012,0.1348904876716666,0.23246492985971945
total,random_forest,499,0.11784335485871862,-0.01264917120244799,0.1552079216094881,0.11623246492985972
total,synthetic_control,499,0.05452299806527842,-0.04494911324926807,0.06456117051886388,0.6132264529058116
total,twfe,499,0.108722216192512,-0.015664184352417784,0.14182716759754113,0.1402805611222445
women,gradient_boosting,499,0.005270649068445232,-0.00959878772542416,0.010255333999270045,0.9258517034068137
women,linear_gap,499,0.005869175792352742,-0.00903829306245072,0.011030190866617122,0.7855711422845691
women,random_forest,499,0.005061558010511004,-0.0070724171893202775,0.011740563175663936,0.7374749498997996
women,synthetic_control,499,0.005472602852216292,-0.007801481947831301,0.012203333520040464,0.561122244488978
women,twfe,499,0.005823460199972947,-0.007213846027420525,0.01079255604696713,0.6693386773547094
