outcome,method,paired_windows,mean_mse_difference_vs_twfe,hac_bartlett_lag,hac_se,approx_95_low,approx_95_high
crime_1,linear_gap,154,7.648278080838879e-06,6,3.1420870641654785e-06,1.4897874350745414e-06,1.3806768726603216e-05
crime_1,synthetic_control,154,3.919204640158799e-06,6,1.9123043151432155e-06,1.7108818247809637e-07,7.667321097839501e-06
crime_1,random_forest,154,-6.474723706468562e-07,6,2.5285314408953123e-06,-5.603393994801668e-06,4.308449253507956e-06
crime_1,gradient_boosting,154,2.15670804293254e-06,6,2.5811352733812983e-06,-2.902317092894805e-06,7.215733178759884e-06
crime_2,linear_gap,154,6.474102038903422e-06,6,2.608132377410931e-06,1.3621625791779974e-06,1.1586041498628848e-05
crime_2,synthetic_control,154,2.503104455752067e-06,6,1.5227364372181207e-06,-4.814589611954495e-07,5.4876678726995835e-06
crime_2,random_forest,154,-1.3917029972778352e-06,6,2.035624396548819e-06,-5.38152681451352e-06,2.59812081995785e-06
crime_2,gradient_boosting,154,1.9995423242275493e-06,6,2.530144333560729e-06,-2.959540569551479e-06,6.958625218006578e-06
crime_3,linear_gap,154,6.106636921724163e-06,6,2.195022477356638e-06,1.8043928661051526e-06,1.0408880977343172e-05
crime_3,synthetic_control,154,9.079490458953345e-07,6,1.1708609817167672e-06,-1.3869384782695293e-06,3.202836570060198e-06
crime_3,random_forest,154,-9.769157530958286e-07,6,1.7449600429095814e-06,-4.397037437198608e-06,2.443205931006951e-06
crime_3,gradient_boosting,154,1.4614150615768472e-06,6,2.1849526512779883e-06,-2.82109213492801e-06,5.743922258081704e-06
crime_4,linear_gap,154,6.2825698374453305e-06,6,1.9870887590241023e-06,2.3878758697580903e-06,1.017726380513257e-05
crime_4,synthetic_control,154,4.538291217157021e-07,6,1.0312149675576687e-06,-1.5673522146973285e-06,2.4750104581287325e-06
crime_4,random_forest,154,8.854030809518815e-07,6,1.6374506025772072e-06,-2.3240001000994447e-06,4.094806262003208e-06
crime_4,gradient_boosting,154,3.606225853024435e-06,6,2.267453398964549e-06,-8.379828089460813e-07,8.05043451499495e-06
men,linear_gap,154,2.1604773136929543e-05,6,6.381759830370244e-06,9.096523869403866e-06,3.411302240445522e-05
men,synthetic_control,154,1.0456187205897746e-05,6,3.0725598791802087e-06,4.4339698427045365e-06,1.6478404569090957e-05
men,random_forest,154,-1.2718641574179387e-06,6,4.688111640667001e-06,-1.0460562973125262e-05,7.916834658289383e-06
men,gradient_boosting,154,2.8651189108239086e-06,6,5.481091379358714e-06,-7.877820192719171e-06,1.3608058014366988e-05
total,linear_gap,154,2.0675807688385047e-05,6,7.365107503227551e-06,6.240196982059048e-06,3.5111418394711045e-05
total,synthetic_control,154,7.86040758614338e-06,6,3.915882784657539e-06,1.8527732821460307e-07,1.5535537844072156e-05
total,random_forest,154,-3.4851119835669016e-06,6,6.421272818337954e-06,-1.6070806707509292e-05,9.10058274037549e-06
total,gradient_boosting,154,-1.6159738771008141e-06,6,6.718309475124889e-06,-1.4783860448345598e-05,1.1551912694143968e-05
women,linear_gap,154,1.142338979086472e-06,6,3.798362348889104e-07,3.978599587042077e-07,1.8868179994687362e-06
women,synthetic_control,154,1.3546828337062917e-07,6,3.430597425744558e-07,-5.369288120753042e-07,8.078653788165625e-07
women,random_forest,154,-1.641401353452006e-07,6,3.3946940682043487e-07,-8.295001727132529e-07,5.012199020228517e-07
women,gradient_boosting,154,1.748968838519911e-07,6,3.489834521928594e-07,-5.091106824460134e-07,8.589044501499955e-07
