outcome,method,paired_windows,mean_mse_difference_vs_twfe,naive_mcse_overlapping_windows
crime_1,linear_gap,154,7.648278080838918e-06,4.208538187160395e-06
crime_1,synthetic_control,154,3.919204640158835e-06,1.7792284031127865e-06
crime_1,random_forest,154,-6.474723706468339e-07,2.2461082431478965e-06
crime_1,gradient_boosting,154,2.156708042932537e-06,3.22789785897145e-06
crime_2,linear_gap,154,6.474102038903436e-06,3.464383804919755e-06
crime_2,synthetic_control,154,2.5031044557520754e-06,1.4888538356315094e-06
crime_2,random_forest,154,-1.3917029972778216e-06,2.0088951440459076e-06
crime_2,gradient_boosting,154,1.999542324227554e-06,2.709071998995264e-06
crime_3,linear_gap,154,6.106636921724229e-06,2.8005662391711345e-06
crime_3,synthetic_control,154,9.079490458953519e-07,1.164255507856303e-06
crime_3,random_forest,154,-9.769157530958392e-07,1.7451021131445557e-06
crime_3,gradient_boosting,154,1.4614150615768983e-06,2.0651610843726255e-06
crime_4,linear_gap,154,6.282569837445408e-06,2.3871425912736984e-06
crime_4,synthetic_control,154,4.538291217157461e-07,9.65254191369976e-07
crime_4,random_forest,154,8.85403080951903e-07,1.5502719202583628e-06
crime_4,gradient_boosting,154,3.6062258530244902e-06,2.0572992459206823e-06
men,linear_gap,154,2.1604773136929625e-05,8.553132683267384e-06
men,synthetic_control,154,1.0456187205897783e-05,3.508006207205027e-06
men,random_forest,154,-1.2718641574179302e-06,5.069019395500604e-06
men,gradient_boosting,154,2.8651189108238747e-06,6.198969891737787e-06
total,linear_gap,154,2.0675807688385118e-05,9.322554710042419e-06
total,synthetic_control,154,7.860407586143348e-06,3.898736891815313e-06
total,random_forest,154,-3.4851119835669736e-06,6.1894935764258934e-06
total,gradient_boosting,154,-1.6159738771008328e-06,7.070781144256356e-06
women,linear_gap,154,1.142338979086514e-06,5.435971335223233e-07
women,synthetic_control,154,1.354682833706408e-07,3.2470370631480275e-07
women,random_forest,154,-1.6414013534518612e-07,3.082341673945746e-07
women,gradient_boosting,154,1.7489688385200911e-07,3.321230442833724e-07
