outcome,method,windows_available,failures,signed_bias,variance,mae,rmse,mse,rank_rmse
crime_1,gradient_boosting,154,0,2.8989132289865917e-05,3.170860557640331e-05,0.00449892081446005,0.005631114094581483,3.1709445946194235e-05,3.0
crime_1,linear_gap,154,0,-0.000160158112698799,3.717536536303737e-05,0.004792147896263316,0.00609926356079983,3.720101598410062e-05,5.0
crime_1,random_forest,154,0,0.001015338998074715,2.78743522516035e-05,0.004329830056961267,0.0053763617375149585,2.890526553261486e-05,1.0
crime_1,synthetic_control,154,0,0.0005657179902498875,3.3151905698928156e-05,0.004629182318027554,0.005785494148594442,3.347194254342053e-05,4.0
crime_1,twfe,154,0,6.305961853074314e-05,2.954876138777245e-05,0.0044550037555702105,0.005436242995236848,2.95527379032617e-05,2.0
crime_2,gradient_boosting,154,0,7.350827907946094e-05,2.6739957246438656e-05,0.004128742902523478,0.005171591700195587,2.6745360713531878e-05,3.0
crime_2,linear_gap,154,0,-0.0001451656204664287,3.119884737084236e-05,0.004392941999279086,0.005587478897338921,3.121992042820776e-05,5.0
crime_2,random_forest,154,0,0.0009815329485589389,2.2390708462919702e-05,0.003942150754229222,0.004832609584068064,2.33541153920265e-05,1.0
crime_2,synthetic_control,154,0,0.0005585989745417556,2.69368900306973e-05,0.004232481987733229,0.005220050080703862,2.7248922845056402e-05,4.0
crime_2,twfe,154,0,6.280418255411339e-05,2.4741874023958032e-05,0.004112416186711571,0.004974516900092342,2.4745818389304324e-05,2.0
crime_3,gradient_boosting,154,0,2.8914519795997834e-05,2.0731608708615517e-05,0.0036312949356766,0.004553289443695684,2.0732444758070553e-05,4.0
crime_3,linear_gap,154,0,-0.00014334552644405018,2.535711867826636e-05,0.004062045484960094,0.005037625097029143,2.5377666618217882e-05,5.0
crime_3,random_forest,154,0,0.00085711363679278,1.755947015702167e-05,0.0033694285542756,0.004277161902874126,1.8294113943397813e-05,1.0
crime_3,synthetic_control,154,0,0.0005643340035728359,1.9860505874800457e-05,0.0035747968734744302,0.0044921018179009484,2.0178978742389007e-05,3.0
crime_3,twfe,154,0,5.854803450824434e-05,1.9267601824148873e-05,0.003516816647170336,0.004389878095857977,1.9271029696493652e-05,2.0
crime_4,gradient_boosting,154,0,0.00010758286296698139,1.979150116373916e-05,0.0035001377696368043,0.004450064632805162,1.9803075236143335e-05,4.0
crime_4,linear_gap,154,0,-5.4590809459729453e-05,2.247643906408678e-05,0.0037840569570686635,0.004741246589301621,2.2479419220564248e-05,5.0
crime_4,random_forest,154,0,0.0008429894567011106,1.6371621239961515e-05,0.003250209983127409,0.0041330681659114635,1.7082252464070747e-05,3.0
crime_4,synthetic_control,154,0,0.0005602378918466715,1.6336812009373787e-05,0.0032405792726718893,0.00408052429288622,1.6650678504834587e-05,2.0
crime_4,twfe,154,0,7.582183252257851e-05,1.6191100432831764e-05,0.003179090988223345,0.004024530951939473,1.619684938311884e-05,1.0
men,gradient_boosting,154,0,0.00019989732345859133,6.287041457176513e-05,0.006198585063693695,0.007931605985655808,6.291037351169105e-05,3.0
men,linear_gap,154,0,-5.24800266885976e-05,8.164727358459556e-05,0.0070253752914177575,0.009036040490048549,8.16500277377968e-05,5.0
men,random_forest,154,0,0.0018342855381707876,5.540878700790674e-05,0.005971358625002933,0.0076663805308273885,5.8773390443449234e-05,1.0
men,synthetic_control,154,0,0.0010238372719076246,6.945319904741771e-05,0.00681875729782109,0.008396513669777771,7.050144180676497e-05,4.0
men,twfe,154,0,0.00027051436712254603,5.9972076578047466e-05,0.006301870564270397,0.007748887313728803,6.0045254600867175e-05,2.0
total,gradient_boosting,154,0,0.00018415183480288,6.720780657302e-05,0.006549153471741615,0.00820010478416473,6.724171847128129e-05,2.0
total,linear_gap,154,0,-8.249094384186879e-05,8.95266952809513e-05,0.007553148728643929,0.009462214330523655,8.953350003676724e-05,5.0
total,random_forest,154,0,0.0020179567561169932,6.130043089525692e-05,0.006415077841786959,0.008085331184609268,6.537258036481512e-05,1.0
total,synthetic_control,154,0,0.0010465496740826553,7.562283371420296e-05,0.007184724304578097,0.008758886911847045,7.671809993452545e-05,4.0
total,twfe,154,0,0.0002831572498607593,6.877751432023341e-05,0.006751101934508953,0.008298053527688413,6.885769234838211e-05,3.0
women,gradient_boosting,154,0,3.5403460770598325e-05,3.6904089319089347e-06,0.0015368885729099362,0.0019213699115327766,3.6916623369434697e-06,4.0
women,linear_gap,154,0,-3.0010917153271243e-05,4.658203777029594e-06,0.0017100870817391236,0.0021584958726339914,4.659104432177975e-06,5.0
women,random_forest,154,0,0.00032548146461304505,3.2466871339396217e-06,0.0013782325108442142,0.0018310175634729106,3.3526253177462743e-06,1.0
women,synthetic_control,154,0,0.0003365180091190771,3.5389893660006345e-06,0.0014766491721187084,0.0019110818235915756,3.6522337364621017e-06,3.0
women,twfe,154,0,1.2642882738212928e-05,3.516605610607529e-06,0.0013988110190445088,0.0018753040961645292,3.5167654530914616e-06,2.0
