definition,unit_mode,outcome,method,test_start,pre_days,treated_units,pre_gap,observed_test_gap,twfe,predicted_untreated_test_gap,bias_term,adjusted_estimate,status
paper_five,municipality_district,total,twfe,2020-02-18,56,94,0.02055845307175094,0.05271412984178942,0.032155676770038485,0.02055845307175094,0.0,0.032155676770038485,ok
paper_five,municipality_district,total,linear_gap,2020-02-18,56,94,0.02055845307175094,0.05271412984178942,0.032155676770038485,0.02589884153334002,0.005340388461589081,0.026815288308449405,ok
paper_five,municipality_district,total,synthetic_control,2020-02-18,56,94,0.02055845307175094,0.05271412984178942,0.032155676770038485,0.06340346192549903,0.04284500885374809,-0.010689332083709605,exact_mean_match
paper_five,municipality_district,total,random_forest,2020-02-18,56,94,0.02055845307175094,0.05271412984178942,0.032155676770038485,0.01603729446625104,-0.004521158605499901,0.03667683537553838,ok
paper_five,municipality_district,total,gradient_boosting,2020-02-18,56,94,0.02055845307175094,0.05271412984178942,0.032155676770038485,0.016754449168664514,-0.0038040039030864253,0.03595968067312491,ok
paper_five,municipality_district,total,twfe,2020-02-18,84,94,0.018344539621135365,0.05271412984178942,0.034369590220654056,0.018344539621135365,0.0,0.034369590220654056,ok
paper_five,municipality_district,total,linear_gap,2020-02-18,84,94,0.018344539621135365,0.05271412984178942,0.034369590220654056,0.02566344325383157,0.007318903632696206,0.02705068658795785,ok
paper_five,municipality_district,total,synthetic_control,2020-02-18,84,94,0.018344539621135365,0.05271412984178942,0.034369590220654056,0.063939926885693,0.045595387264557634,-0.011225797043903578,exact_mean_match
paper_five,municipality_district,total,random_forest,2020-02-18,84,94,0.018344539621135365,0.05271412984178942,0.034369590220654056,0.016653448121906892,-0.0016910914992284733,0.036060681719882526,ok
paper_five,municipality_district,total,gradient_boosting,2020-02-18,84,94,0.018344539621135365,0.05271412984178942,0.034369590220654056,0.016988239560642143,-0.0013563000604932228,0.03572589028114728,ok
paper_five,municipality_district,total,twfe,2020-02-18,182,94,0.01564481617673107,0.05271412984178942,0.03706931366505835,0.01564481617673107,0.0,0.03706931366505835,ok
paper_five,municipality_district,total,linear_gap,2020-02-18,182,94,0.01564481617673107,0.05271412984178942,0.03706931366505835,0.021659646045898092,0.006014829869167022,0.031054483795891326,ok
paper_five,municipality_district,total,synthetic_control,2020-02-18,182,94,0.01564481617673107,0.05271412984178942,0.03706931366505835,0.06379705664283988,0.04815224046610882,-0.011082926801050469,exact_mean_match
paper_five,municipality_district,total,random_forest,2020-02-18,182,94,0.01564481617673107,0.05271412984178942,0.03706931366505835,0.016684191546325115,0.001039375369594045,0.0360299382954643,ok
paper_five,municipality_district,total,gradient_boosting,2020-02-18,182,94,0.01564481617673107,0.05271412984178942,0.03706931366505835,0.01686567579782886,0.001220859621097789,0.03584845404396056,ok
paper_five,municipality_district,total,twfe,2020-02-18,364,94,0.014550387555706703,0.05271412984178942,0.03816374228608272,0.014550387555706703,0.0,0.03816374228608272,ok
paper_five,municipality_district,total,linear_gap,2020-02-18,364,94,0.014550387555706703,0.05271412984178942,0.03816374228608272,0.016872760651154724,0.002322373095448022,0.0358413691906347,ok
paper_five,municipality_district,total,synthetic_control,2020-02-18,364,94,0.014550387555706703,0.05271412984178942,0.03816374228608272,0.0640258263742749,0.049475438818568196,-0.011311696532485475,exact_mean_match
paper_five,municipality_district,total,random_forest,2020-02-18,364,94,0.014550387555706703,0.05271412984178942,0.03816374228608272,0.017466001321605484,0.002915613765898781,0.03524812852018394,ok
paper_five,municipality_district,total,gradient_boosting,2020-02-18,364,94,0.014550387555706703,0.05271412984178942,0.03816374228608272,0.016916410398699615,0.002366022842992912,0.03579771944308981,ok
paper_five,municipality_district,total,twfe,2020-02-18,728,94,0.015510088315939377,0.05271412984178942,0.037204041525850044,0.015510088315939377,0.0,0.037204041525850044,ok
paper_five,municipality_district,total,linear_gap,2020-02-18,728,94,0.015510088315939377,0.05271412984178942,0.037204041525850044,0.01445362081662364,-0.0010564674993157365,0.038260509025165784,ok
paper_five,municipality_district,total,synthetic_control,2020-02-18,728,94,0.015510088315939377,0.05271412984178942,0.037204041525850044,0.049968706400011935,0.03445861808407256,0.0027454234417774864,exact_mean_match
paper_five,municipality_district,total,random_forest,2020-02-18,728,94,0.015510088315939377,0.05271412984178942,0.037204041525850044,0.017365226785741986,0.0018551384698026092,0.03534890305604743,ok
paper_five,municipality_district,total,gradient_boosting,2020-02-18,728,94,0.015510088315939377,0.05271412984178942,0.037204041525850044,0.018670929298324094,0.003160840982384717,0.034043200543465324,ok
released_code_four,municipality_district,total,twfe,2020-02-18,56,68,0.022743407707910748,0.07764081760024964,0.05489740989233889,0.022743407707910748,0.0,0.05489740989233889,ok
released_code_four,municipality_district,total,linear_gap,2020-02-18,56,68,0.022743407707910748,0.07764081760024964,0.05489740989233889,0.02833507408268348,0.005591666374772732,0.049305743517566156,ok
released_code_four,municipality_district,total,synthetic_control,2020-02-18,56,68,0.022743407707910748,0.07764081760024964,0.05489740989233889,0.06672727315036757,0.04398386544245682,0.010913544449882073,exact_mean_match
released_code_four,municipality_district,total,random_forest,2020-02-18,56,68,0.022743407707910748,0.07764081760024964,0.05489740989233889,0.016486986118681983,-0.006256421589228765,0.06115383148156765,ok
released_code_four,municipality_district,total,gradient_boosting,2020-02-18,56,68,0.022743407707910748,0.07764081760024964,0.05489740989233889,0.01700995011279033,-0.005733457595120419,0.060630867487459314,ok
released_code_four,municipality_district,total,twfe,2020-02-18,84,68,0.02086593257992852,0.07764081760024964,0.056774885020321124,0.02086593257992852,0.0,0.056774885020321124,ok
released_code_four,municipality_district,total,linear_gap,2020-02-18,84,68,0.02086593257992852,0.07764081760024964,0.056774885020321124,0.027335247318864088,0.006469314738935569,0.050305570281385555,ok
released_code_four,municipality_district,total,synthetic_control,2020-02-18,84,68,0.02086593257992852,0.07764081760024964,0.056774885020321124,0.06945906724180727,0.04859313466187875,0.008181750358442375,exact_mean_match
released_code_four,municipality_district,total,random_forest,2020-02-18,84,68,0.02086593257992852,0.07764081760024964,0.056774885020321124,0.01673692411191022,-0.004129008468018298,0.060903893488339425,ok
released_code_four,municipality_district,total,gradient_boosting,2020-02-18,84,68,0.02086593257992852,0.07764081760024964,0.056774885020321124,0.016619160432053193,-0.004246772147875326,0.06102165716819645,ok
released_code_four,municipality_district,total,twfe,2020-02-18,182,68,0.018962173728908006,0.07764081760024964,0.05867864387134164,0.018962173728908006,0.0,0.05867864387134164,ok
released_code_four,municipality_district,total,linear_gap,2020-02-18,182,68,0.018962173728908006,0.07764081760024964,0.05867864387134164,0.023701324316708936,0.0047391505878009305,0.05393949328354071,ok
released_code_four,municipality_district,total,synthetic_control,2020-02-18,182,68,0.018962173728908006,0.07764081760024964,0.05867864387134164,0.07545892559395614,0.05649675186504814,0.0021818920062934982,exact_mean_match
released_code_four,municipality_district,total,random_forest,2020-02-18,182,68,0.018962173728908006,0.07764081760024964,0.05867864387134164,0.01757152061762113,-0.0013906531112868742,0.060069296982628514,ok
released_code_four,municipality_district,total,gradient_boosting,2020-02-18,182,68,0.018962173728908006,0.07764081760024964,0.05867864387134164,0.01721668404796855,-0.001745489680939457,0.0604241335522811,ok
released_code_four,municipality_district,total,twfe,2020-02-18,364,68,0.01773984129460803,0.07764081760024964,0.05990097630564161,0.01773984129460803,0.0,0.05990097630564161,ok
released_code_four,municipality_district,total,linear_gap,2020-02-18,364,68,0.01773984129460803,0.07764081760024964,0.05990097630564161,0.020094632507064447,0.0023547912124564155,0.057546185093185195,ok
released_code_four,municipality_district,total,synthetic_control,2020-02-18,364,68,0.01773984129460803,0.07764081760024964,0.05990097630564161,0.07658504321322243,0.0588452019186144,0.0010557743870272113,exact_mean_match
released_code_four,municipality_district,total,random_forest,2020-02-18,364,68,0.01773984129460803,0.07764081760024964,0.05990097630564161,0.018829661131549796,0.0010898198369417647,0.058811156468699846,ok
released_code_four,municipality_district,total,gradient_boosting,2020-02-18,364,68,0.01773984129460803,0.07764081760024964,0.05990097630564161,0.017164633780626628,-0.0005752075139814038,0.06047618381962301,ok
released_code_four,municipality_district,total,twfe,2020-02-18,728,68,0.01956163765240844,0.07764081760024964,0.0580791799478412,0.01956163765240844,0.0,0.0580791799478412,ok
released_code_four,municipality_district,total,linear_gap,2020-02-18,728,68,0.01956163765240844,0.07764081760024964,0.0580791799478412,0.017670800473128117,-0.0018908371792803226,0.05997001712712152,ok
released_code_four,municipality_district,total,synthetic_control,2020-02-18,728,68,0.01956163765240844,0.07764081760024964,0.0580791799478412,0.062109090951049745,0.042547453298641305,0.015531726649199898,exact_mean_match
released_code_four,municipality_district,total,random_forest,2020-02-18,728,68,0.01956163765240844,0.07764081760024964,0.0580791799478412,0.019410485282014316,-0.00015115237039412324,0.05823033231823532,ok
released_code_four,municipality_district,total,gradient_boosting,2020-02-18,728,68,0.01956163765240844,0.07764081760024964,0.0580791799478412,0.019869343567748648,0.0003077059153402083,0.05777147403250099,ok
numeric_p75_six,municipality_district,total,twfe,2020-02-18,56,97,0.021675864326059845,0.055298811075561886,0.033622946749502045,0.021675864326059845,0.0,0.033622946749502045,ok
numeric_p75_six,municipality_district,total,linear_gap,2020-02-18,56,97,0.021675864326059845,0.055298811075561886,0.033622946749502045,0.026442960714963156,0.004767096388903311,0.028855850360598734,ok
numeric_p75_six,municipality_district,total,synthetic_control,2020-02-18,56,97,0.021675864326059845,0.055298811075561886,0.033622946749502045,0.06721939675922207,0.045543532433162226,-0.011920585683660181,exact_mean_match
numeric_p75_six,municipality_district,total,random_forest,2020-02-18,56,97,0.021675864326059845,0.055298811075561886,0.033622946749502045,0.016385740151682895,-0.005290124174376951,0.038913070923878995,ok
numeric_p75_six,municipality_district,total,gradient_boosting,2020-02-18,56,97,0.021675864326059845,0.055298811075561886,0.033622946749502045,0.01811915490464045,-0.003556709421419394,0.037179656170921435,ok
numeric_p75_six,municipality_district,total,twfe,2020-02-18,84,97,0.020401781599790843,0.055298811075561886,0.034897029475771044,0.020401781599790843,0.0,0.034897029475771044,ok
numeric_p75_six,municipality_district,total,linear_gap,2020-02-18,84,97,0.020401781599790843,0.055298811075561886,0.034897029475771044,0.02597448633708853,0.005572704737297686,0.029324324738473358,ok
numeric_p75_six,municipality_district,total,synthetic_control,2020-02-18,84,97,0.020401781599790843,0.055298811075561886,0.034897029475771044,0.07442249108276809,0.05402070948297725,-0.019123680007206205,exact_mean_match
numeric_p75_six,municipality_district,total,random_forest,2020-02-18,84,97,0.020401781599790843,0.055298811075561886,0.034897029475771044,0.01730098011043793,-0.0031008014893529126,0.037997830965123956,ok
numeric_p75_six,municipality_district,total,gradient_boosting,2020-02-18,84,97,0.020401781599790843,0.055298811075561886,0.034897029475771044,0.01787254817720183,-0.002529233422589011,0.037426262898360055,ok
numeric_p75_six,municipality_district,total,twfe,2020-02-18,182,97,0.01730996025343697,0.055298811075561886,0.037988850822124914,0.01730996025343697,0.0,0.037988850822124914,ok
numeric_p75_six,municipality_district,total,linear_gap,2020-02-18,182,97,0.01730996025343697,0.055298811075561886,0.037988850822124914,0.02317492304092977,0.0058649627874928015,0.03212388803463211,ok
numeric_p75_six,municipality_district,total,synthetic_control,2020-02-18,182,97,0.01730996025343697,0.055298811075561886,0.037988850822124914,0.07317949171726472,0.055869531463827754,-0.01788068064170284,exact_mean_match
numeric_p75_six,municipality_district,total,random_forest,2020-02-18,182,97,0.01730996025343697,0.055298811075561886,0.037988850822124914,0.01777886782650625,0.0004689075730692806,0.03751994324905564,ok
numeric_p75_six,municipality_district,total,gradient_boosting,2020-02-18,182,97,0.01730996025343697,0.055298811075561886,0.037988850822124914,0.018840838780970724,0.0015308785275337557,0.03645797229459116,ok
numeric_p75_six,municipality_district,total,twfe,2020-02-18,364,97,0.01628602072967519,0.055298811075561886,0.0390127903458867,0.01628602072967519,0.0,0.0390127903458867,ok
numeric_p75_six,municipality_district,total,linear_gap,2020-02-18,364,97,0.01628602072967519,0.055298811075561886,0.0390127903458867,0.018649408658000504,0.002363387928325314,0.036649402417561386,ok
numeric_p75_six,municipality_district,total,synthetic_control,2020-02-18,364,97,0.01628602072967519,0.055298811075561886,0.0390127903458867,0.07499833883033453,0.05871231810065934,-0.01969952775477264,exact_mean_match
numeric_p75_six,municipality_district,total,random_forest,2020-02-18,364,97,0.01628602072967519,0.055298811075561886,0.0390127903458867,0.01756979881902062,0.0012837780893454297,0.03772901225654127,ok
numeric_p75_six,municipality_district,total,gradient_boosting,2020-02-18,364,97,0.01628602072967519,0.055298811075561886,0.0390127903458867,0.01891318435881515,0.0026271636291399607,0.036385626716746736,ok
numeric_p75_six,municipality_district,total,twfe,2020-02-18,728,97,0.018676153407756677,0.055298811075561886,0.03662265766780521,0.018676153407756677,0.0,0.03662265766780521,ok
numeric_p75_six,municipality_district,total,linear_gap,2020-02-18,728,97,0.018676153407756677,0.055298811075561886,0.03662265766780521,0.014926818185899518,-0.003749335221857159,0.04037199288966237,ok
numeric_p75_six,municipality_district,total,synthetic_control,2020-02-18,728,97,0.018676153407756677,0.055298811075561886,0.03662265766780521,0.06704587378594058,0.048369720378183906,-0.011747062710378696,exact_mean_match
numeric_p75_six,municipality_district,total,random_forest,2020-02-18,728,97,0.018676153407756677,0.055298811075561886,0.03662265766780521,0.018948459351293374,0.00027230594353669715,0.03635035172426851,ok
numeric_p75_six,municipality_district,total,gradient_boosting,2020-02-18,728,97,0.018676153407756677,0.055298811075561886,0.03662265766780521,0.02077254057851086,0.0020963871707541833,0.03452627049705102,ok
paper_five,AIS_aggregate,total,twfe,2020-02-18,84,5,0.4021008403361345,1.169230769230769,0.7671299288946345,0.4021008403361345,0.0,0.7671299288946345,ok
paper_five,AIS_aggregate,total,linear_gap,2020-02-18,84,5,0.4021008403361345,1.169230769230769,0.7671299288946345,0.5507243887334382,0.14862354839730368,0.6185063804973308,ok
paper_five,AIS_aggregate,total,synthetic_control,2020-02-18,84,5,0.4021008403361345,1.169230769230769,0.7671299288946345,1.923076923076923,1.5209760827407883,-0.7538461538461538,above_or_at_donor_support
paper_five,AIS_aggregate,total,random_forest,2020-02-18,84,5,0.4021008403361345,1.169230769230769,0.7671299288946345,0.37898548745983845,-0.02311535287629607,0.7902452817709306,ok
paper_five,AIS_aggregate,total,gradient_boosting,2020-02-18,84,5,0.4021008403361345,1.169230769230769,0.7671299288946345,0.384370784413699,-0.01773005592243554,0.7848599848170701,ok
