outcome,method,test_start,pre_days,treated_units,pre_gap,observed_test_gap,twfe,predicted_untreated_test_gap,bias_term,adjusted_estimate,status,selected_by_prestrike_rmse
total,twfe,2020-02-18,84,94,0.018344539621135365,0.05271412984178942,0.034369590220654056,0.018344539621135365,0.0,0.034369590220654056,ok,False
total,linear_gap,2020-02-18,84,94,0.018344539621135365,0.05271412984178942,0.034369590220654056,0.02566344325383157,0.007318903632696206,0.02705068658795785,ok,False
total,synthetic_control,2020-02-18,84,94,0.018344539621135365,0.05271412984178942,0.034369590220654056,0.063939926885693,0.045595387264557634,-0.011225797043903578,exact_mean_match,False
total,random_forest,2020-02-18,84,94,0.018344539621135365,0.05271412984178942,0.034369590220654056,0.016653448121906892,-0.0016910914992284733,0.036060681719882526,ok,True
total,gradient_boosting,2020-02-18,84,94,0.018344539621135365,0.05271412984178942,0.034369590220654056,0.016988239560642143,-0.0013563000604932228,0.03572589028114728,ok,False
men,twfe,2020-02-18,84,94,0.016005418930950845,0.04797153201408521,0.031966113083134365,0.016005418930950845,0.0,0.031966113083134365,ok,False
men,linear_gap,2020-02-18,84,94,0.016005418930950845,0.04797153201408521,0.031966113083134365,0.02223080280660997,0.006225383875659126,0.02574072920747524,ok,False
men,synthetic_control,2020-02-18,84,94,0.016005418930950845,0.04797153201408521,0.031966113083134365,0.05756857656460387,0.04156315763365302,-0.009597044550518657,exact_mean_match,False
men,random_forest,2020-02-18,84,94,0.016005418930950845,0.04797153201408521,0.031966113083134365,0.011494054844131454,-0.0045113640868193906,0.036477477169953754,ok,True
men,gradient_boosting,2020-02-18,84,94,0.016005418930950845,0.04797153201408521,0.031966113083134365,0.0107592509948109,-0.005246167936139945,0.03721228101927431,ok,False
women,twfe,2020-02-18,84,94,0.00233912069018452,0.004742597827704211,0.002403477137519691,0.00233912069018452,0.0,0.002403477137519691,ok,False
women,linear_gap,2020-02-18,84,94,0.00233912069018452,0.004742597827704211,0.002403477137519691,0.00343264044722161,0.00109351975703709,0.0013099573804826012,ok,False
women,synthetic_control,2020-02-18,84,94,0.00233912069018452,0.004742597827704211,0.002403477137519691,0.0010937097482486766,-0.0012454109419358433,0.0036488880794555345,exact_mean_match,False
women,random_forest,2020-02-18,84,94,0.00233912069018452,0.004742597827704211,0.002403477137519691,0.003147865210045238,0.000808744519860718,0.0015947326176589732,ok,True
women,gradient_boosting,2020-02-18,84,94,0.00233912069018452,0.004742597827704211,0.002403477137519691,0.0050811590358665875,0.0027420383456820676,-0.00033856120816237647,ok,False
crime_1,twfe,2020-02-18,84,94,0.008196516840133861,0.02960248970887269,0.021405972868738826,0.008196516840133861,0.0,0.021405972868738826,ok,False
crime_1,linear_gap,2020-02-18,84,94,0.008196516840133861,0.02960248970887269,0.021405972868738826,0.010149550973089132,0.0019530341329552711,0.019452938735783555,ok,False
crime_1,synthetic_control,2020-02-18,84,94,0.008196516840133861,0.02960248970887269,0.021405972868738826,0.02683571167046759,0.01863919483033373,0.002766778038405096,exact_mean_match,False
crime_1,random_forest,2020-02-18,84,94,0.008196516840133861,0.02960248970887269,0.021405972868738826,0.003362888763039623,-0.0048336280770942385,0.026239600945833066,ok,True
crime_1,gradient_boosting,2020-02-18,84,94,0.008196516840133861,0.02960248970887269,0.021405972868738826,0.003783538668459049,-0.004412978171674812,0.025818951040413637,ok,False
crime_2,twfe,2020-02-18,84,94,0.007323424211722082,0.025151267172543765,0.017827842960821683,0.007323424211722082,0.0,0.017827842960821683,ok,False
crime_2,linear_gap,2020-02-18,84,94,0.007323424211722082,0.025151267172543765,0.017827842960821683,0.009905330291061575,0.0025819060793394926,0.015245936881482191,ok,False
crime_2,synthetic_control,2020-02-18,84,94,0.007323424211722082,0.025151267172543765,0.017827842960821683,0.02366223122120855,0.016338807009486467,0.0014890359513352151,exact_mean_match,False
crime_2,random_forest,2020-02-18,84,94,0.007323424211722082,0.025151267172543765,0.017827842960821683,0.004246501691276182,-0.0030769225204459,0.020904765481267584,ok,True
crime_2,gradient_boosting,2020-02-18,84,94,0.007323424211722082,0.025151267172543765,0.017827842960821683,0.004683542419808977,-0.0026398817919131047,0.020467724752734787,ok,False
crime_3,twfe,2020-02-18,84,94,0.006688273310613736,0.01871621286514903,0.012027939554535296,0.006688273310613736,0.0,0.012027939554535296,ok,False
crime_3,linear_gap,2020-02-18,84,94,0.006688273310613736,0.01871621286514903,0.012027939554535296,0.00991250314267722,0.0032242298320634844,0.008803709722471811,ok,False
crime_3,synthetic_control,2020-02-18,84,94,0.006688273310613736,0.01871621286514903,0.012027939554535296,0.018889069058104807,0.012200795747491071,-0.00017285619295577537,exact_mean_match,False
crime_3,random_forest,2020-02-18,84,94,0.006688273310613736,0.01871621286514903,0.012027939554535296,0.004334946433072635,-0.0023533268775411008,0.014381266432076396,ok,True
crime_3,gradient_boosting,2020-02-18,84,94,0.006688273310613736,0.01871621286514903,0.012027939554535296,0.003914389868375569,-0.0027738834422381667,0.014801822996773462,ok,False
crime_4,twfe,2020-02-18,84,94,0.005374796598200853,0.014736150374448245,0.009361353776247392,0.005374796598200853,0.0,0.009361353776247392,ok,True
crime_4,linear_gap,2020-02-18,84,94,0.005374796598200853,0.014736150374448245,0.009361353776247392,0.008390803677963321,0.0030160070797624686,0.0063453466964849235,ok,False
crime_4,synthetic_control,2020-02-18,84,94,0.005374796598200853,0.014736150374448245,0.009361353776247392,0.014737244719342978,0.009362448121142125,-1.09434489473266e-06,exact_mean_match,False
crime_4,random_forest,2020-02-18,84,94,0.005374796598200853,0.014736150374448245,0.009361353776247392,0.0037724521422276137,-0.001602344455973239,0.01096369823222063,ok,False
crime_4,gradient_boosting,2020-02-18,84,94,0.005374796598200853,0.014736150374448245,0.009361353776247392,0.003959742151293999,-0.0014150544469068542,0.010776408223154246,ok,False
