"scenario","method","forecast_method","true_ATT","n_total","n_success","n_failed","failure_rate","mean_estimate","monte_carlo_bias","absolute_bias","mean_absolute_error","relative_bias_pct","rmse","empirical_sd","monte_carlo_standard_error","mean_true_selection_bias","mean_estimated_selection_bias","selection_bias_mean_error","selection_bias_absolute_bias","selection_bias_mean_absolute_error","selection_bias_rmse","selection_bias_monte_carlo_se","mean_runtime_seconds","total_runtime_seconds","variance_population","variance_sample","rmse_mcse","coverage","coverage_status","validation_status"
"S0_parallel_trends","scenario_matched_gap_adjusted_did","none",2,500,500,0,0,1.99418615100569,-0.00581384899430956,0.00581384899430956,0.0518774365589974,-0.290692449715478,0.0651336243589564,0.0649386035148425,0.00290414263646189,-0.00581384899430956,0,0.00581384899430956,0.00581384899430956,0.0518774365589974,0.0651336243589564,0.00290414263646189,NA,NA,0.004208588182005,0.00421702222645792,0.00202957537457488,NA,"not implemented","scenario-matched correction regenerated and independently checked"
"S0_parallel_trends","twfe","",2,500,500,0,0,1.99418615100569,-0.00581384899430957,0.00581384899430957,0.0518774365589973,-0.290692449715479,0.0651336243589564,0.0649386035148426,0.00290414263646189,-0.00581384899430957,NA,NA,NA,NA,NA,NA,0,0,0.00420858818200501,0.00421702222645792,0.00202957537457489,NA,"not implemented","all raw summaries independently verified; 3 selected refits per scenario checked separately"
"S0_parallel_trends","linear_adjusted_did","linear",2,500,500,0,0,1.99418615100569,-0.00581384899430955,0.00581384899430955,0.0518774365589973,-0.290692449715478,0.0651336243589564,0.0649386035148425,0.00290414263646189,-0.00581384899430957,-2.02908436580664e-18,0.00581384899430957,0.00581384899430957,0.0518774365589974,0.0651336243589564,0.00290414263646189,0.0111200000000035,5.56000000000174,0.004208588182005,0.00421702222645792,0.00202957537457489,NA,"not implemented","all raw summaries independently verified; 3 selected refits per scenario checked separately"
"S0_parallel_trends","synth_adjusted_did","synth",2,500,500,0,0,1.99538015267685,-0.00461984732315448,0.00461984732315448,0.05195790659277,-0.230992366157724,0.064463323381593,0.0643619607851003,0.0028783543896132,-0.00581384899430957,-0.00119400167115505,0.00461984732315453,0.00461984732315453,0.0519579065927699,0.0644633233815929,0.00287835438961319,0.119839999999994,59.9199999999969,0.00413417707211058,0.00414246199610278,0.00203384874393247,NA,"not implemented","all raw summaries independently verified; 3 selected refits per scenario checked separately"
"S0_parallel_trends","random_forest_adjusted_did","random_forest",2,500,500,0,0,1.99864755389301,-0.00135244610698632,0.00135244610698632,0.0772395733269448,-0.0676223053493161,0.0964625926301359,0.096549709265091,0.00431783426249169,-0.00581384899430957,-0.00446140288732309,0.00135244610698646,0.00135244610698646,0.0772395733269447,0.0964625926301357,0.00431783426249168,11.1934,5596.7,0.00930320266645524,0.00932184635917359,0.00293464416541601,NA,"not implemented","all raw summaries independently verified; 3 selected refits per scenario checked separately"
"S0_parallel_trends","gbm_adjusted_did","gbm",2,500,500,0,0,1.99656589410861,-0.00343410589139112,0.00343410589139112,0.0632317722209831,-0.171705294569556,0.0787376181094765,0.0787414748528657,0.00352142580839196,-0.00581384899430957,-0.00237974310291841,0.00343410589139116,0.00343410589139116,0.0632317722209832,0.0787376181094766,0.00352142580839196,0.895259999999988,447.629999999994,0.00618781942228047,0.00620021986200448,0.0024237506698854,NA,"not implemented","all raw summaries independently verified; 3 selected refits per scenario checked separately"
"S1_linear_weak","scenario_matched_gap_adjusted_did","linear_gap",2,500,500,0,0,1.9965021896316,-0.00349781036839887,0.00349781036839887,0.108677310783921,-0.174890518419943,0.137174508655322,0.137267242046067,0.00613877768597848,0.0406059211008627,0.0441037314692615,0.00349781036839887,0.00349781036839887,0.108677310783921,0.137174508655322,0.00613877768597848,NA,NA,0.0188046111474558,0.0188422957389336,0.00443380154487999,NA,"not implemented","scenario-matched correction regenerated and independently checked"
"S1_linear_weak","twfe","",2,500,500,0,0,2.04060592110086,0.0406059211008626,0.0406059211008626,0.0663030398978001,2.03029605504313,0.0818517668557713,0.071140655709317,0.00318150684259883,0.0406059211008627,NA,NA,NA,NA,NA,NA,0,0,0.00505087090896207,0.00506099289475157,0.00246548455919735,NA,"not implemented","all raw summaries independently verified; 3 selected refits per scenario checked separately"
"S1_linear_weak","linear_adjusted_did","linear",2,500,500,0,0,2.04060592110086,0.0406059211008626,0.0406059211008626,0.0663030398978001,2.03029605504313,0.0818517668557713,0.071140655709317,0.00318150684259883,0.0406059211008627,-6.46466387366207e-18,-0.0406059211008627,0.0406059211008627,0.0663030398978001,0.0818517668557715,0.00318150684259883,0.0116999999999943,5.84999999999716,0.00505087090896207,0.00506099289475157,0.00246548455919735,NA,"not implemented","all raw summaries independently verified; 3 selected refits per scenario checked separately"
"S1_linear_weak","synth_adjusted_did","synth",2,500,500,0,0,2.04131739096932,0.0413173909693182,0.0413173909693182,0.06656894909528,2.06586954846591,0.0822319725469211,0.0711695209613907,0.00318279773591532,0.0406059211008627,-0.000711469868455465,-0.0413173909693181,0.0413173909693181,0.0665689490952799,0.082231972546921,0.00318279773591531,0.119459999999998,59.7299999999989,0.00505497051244609,0.00506510071387384,0.00253096567226039,NA,"not implemented","all raw summaries independently verified; 3 selected refits per scenario checked separately"
"S1_linear_weak","random_forest_adjusted_did","random_forest",2,500,500,0,0,2.02731962998412,0.0273196299841192,0.0273196299841192,0.0781284404933324,1.36598149920596,0.0988111370117233,0.0950544544653631,0.00425096443497421,0.0406059211008627,0.0132862911167434,-0.0273196299841193,0.0273196299841193,0.0781284404933322,0.098811137011723,0.00425096443497419,3.62773999999999,1813.87,0.00901727861508037,0.00903534931370778,0.00311499817578759,NA,"not implemented","all raw summaries independently verified; 3 selected refits per scenario checked separately"
"S1_linear_weak","gbm_adjusted_did","gbm",2,500,500,0,0,2.04756290595911,0.0475629059591135,0.0475629059591135,0.0820282859204672,2.37814529795568,0.1024412955044,0.0908211757977776,0.00406164645760579,0.0406059211008627,-0.00695698485825097,-0.0475629059591136,0.0475629059591136,0.0820282859204671,0.102441295504399,0.00406164645760578,0.643880000000007,321.940000000004,0.00823198900134424,0.00824848597329083,0.00318472316620342,NA,"not implemented","all raw summaries independently verified; 3 selected refits per scenario checked separately"
"S2_linear_moderate","scenario_matched_gap_adjusted_did","linear_gap",2,500,500,0,0,2.00024609481477,0.000246094814774902,0.000246094814774902,0.108758766527092,0.0123047407387451,0.134351527807956,0.134485855584812,0.00601439030199717,0.228029147469099,0.227783052654325,-0.000246094814774924,0.000246094814774924,0.108758766527092,0.134351527807956,0.00601439030199717,NA,NA,0.018050272461674,0.0180864453523788,0.0038804155939689,NA,"not implemented","scenario-matched correction regenerated and independently checked"
"S2_linear_moderate","twfe","",2,500,500,0,0,2.2280291474691,0.2280291474691,0.2280291474691,0.228767147730113,11.401457373455,0.248596488942304,0.0991088661708118,0.00443228323861729,0.228029147469099,NA,NA,NA,NA,NA,NA,0,0,0.00980292221895656,0.00982256735366389,0.00425158933287905,NA,"not implemented","all raw summaries independently verified; 3 selected refits per scenario checked separately"
"S2_linear_moderate","linear_adjusted_did","linear",2,500,500,0,0,2.2280291474691,0.2280291474691,0.2280291474691,0.228767147730113,11.401457373455,0.248596488942304,0.0991088661708118,0.00443228323861729,0.228029147469099,-5.43169025382651e-18,-0.228029147469099,0.228029147469099,0.228767147730113,0.248596488942304,0.00443228323861729,0.0125199999999917,6.25999999999584,0.00980292221895656,0.00982256735366389,0.00425158933287905,NA,"not implemented","all raw summaries independently verified; 3 selected refits per scenario checked separately"
"S2_linear_moderate","synth_adjusted_did","synth",2,500,500,0,0,2.22208857619422,0.222088576194218,0.222088576194218,0.222869596584841,11.1044288097109,0.242818322505263,0.0982685885687474,0.00439470488185356,0.228029147469099,0.00594057127488206,-0.222088576194217,0.222088576194217,0.22286959658484,0.242818322505263,0.00439470488185357,0.122840000000006,61.4200000000033,0.00963740206829517,0.00965671549929375,0.00419471618265926,NA,"not implemented","all raw summaries independently verified; 3 selected refits per scenario checked separately"
"S2_linear_moderate","random_forest_adjusted_did","random_forest",2,500,500,0,0,2.14427355309535,0.144273553095352,0.144273553095352,0.152291989871082,7.21367765476759,0.178080540922048,0.104497178205144,0.00467325587847223,0.228029147469099,0.0837555943737476,-0.144273553095352,0.144273553095352,0.152291989871082,0.178080540922048,0.00467325587847222,11.1992,5599.6,0.0108978209323319,0.0109196602528376,0.00413636782407203,NA,"not implemented","all raw summaries independently verified; 3 selected refits per scenario checked separately"
"S2_linear_moderate","gbm_adjusted_did","gbm",2,500,500,0,0,2.25216987423183,0.252169874231836,0.252169874231836,0.25318043158725,12.6084937115918,0.273599196185533,0.106251840409711,0.00475172675781145,0.228029147469099,-0.0241407267627363,-0.252169874231836,0.252169874231836,0.25318043158725,0.273599196185533,0.00475172675781145,0.889160000000007,444.580000000003,0.0112668746832697,0.0112894535904506,0.00444443499598564,NA,"not implemented","all raw summaries independently verified; 3 selected refits per scenario checked separately"
"S3_linear_strong","scenario_matched_gap_adjusted_did","linear_gap",2,500,500,0,0,1.99549257087429,-0.00450742912570765,0.00450742912570765,0.110801202829142,-0.225371456285382,0.137656086350411,0.137720059619621,0.00615902830349591,0.822227194146078,0.826734623271785,0.00450742912570766,0.00450742912570766,0.110801202829142,0.137656086350411,0.00615902830349591,NA,NA,0.0189288811919886,0.0189668148216319,0.00429626721835337,NA,"not implemented","scenario-matched correction regenerated and independently checked"
"S3_linear_strong","twfe","",2,500,500,0,0,2.82222719414608,0.822227194146078,0.822227194146078,0.822227194146078,41.1113597073039,0.834492544113746,0.142691868467529,0.00638137435459708,0.822227194146078,NA,NA,NA,NA,NA,NA,0,0,0.0203202473881011,0.0203609693267546,0.00635470490856134,NA,"not implemented","all raw summaries independently verified; 3 selected refits per scenario checked separately"
"S3_linear_strong","linear_adjusted_did","linear",2,500,500,0,0,2.82222719414608,0.822227194146078,0.822227194146078,0.822227194146078,41.1113597073039,0.834492544113746,0.142691868467529,0.00638137435459708,0.822227194146078,2.72004641033163e-18,-0.822227194146078,0.822227194146078,0.822227194146078,0.834492544113746,0.00638137435459708,0.0127999999999939,6.39999999999693,0.0203202473881011,0.0203609693267546,0.00635470490856134,NA,"not implemented","all raw summaries independently verified; 3 selected refits per scenario checked separately"
"S3_linear_strong","synth_adjusted_did","synth",2,500,500,0,0,2.69138402114979,0.691384021149791,0.691384021149791,0.691384021149791,34.5692010574895,0.708945874192998,0.156976658062187,0.00702020956615582,0.822227194146078,0.130843172996287,-0.691384021149791,0.691384021149791,0.691384021149791,0.708945874192998,0.00702020956615581,0.119339999999999,59.6699999999996,0.0245923878340201,0.0246416711763729,0.0069913956253006,NA,"not implemented","all raw summaries independently verified; 3 selected refits per scenario checked separately"
"S3_linear_strong","random_forest_adjusted_did","random_forest",2,500,500,0,0,2.49418689998477,0.49418689998477,0.49418689998477,0.49418689998477,24.7093449992385,0.508837101142125,0.121342289762197,0.00542659216907499,0.822227194146078,0.328040294161307,-0.494186899984771,0.494186899984771,0.494186899984771,0.508837101142125,0.00542659216907498,11.33192,5665.96,0.0146945033821636,0.014723951284733,0.00541456039683996,NA,"not implemented","all raw summaries independently verified; 3 selected refits per scenario checked separately"
"S3_linear_strong","gbm_adjusted_did","gbm",2,500,500,0,0,2.69974732463717,0.699747324637165,0.699747324637165,0.699747324637165,34.9873662318582,0.709279811280359,0.116010556638329,0.00518814981501786,0.822227194146078,0.122479869508913,-0.699747324637164,0.699747324637164,0.699747324637164,0.709279811280359,0.00518814981501786,0.641979999999987,320.989999999994,0.0134315323530318,0.0134584492515349,0.00519234559815206,NA,"not implemented","all raw summaries independently verified; 3 selected refits per scenario checked separately"
"S4_quadratic_moderate","scenario_matched_gap_adjusted_did","quadratic_gap",2,500,500,0,0,1.96860235486132,-0.0313976451386763,0.0313976451386763,0.299086071854374,-1.56988225693381,0.373287850994103,0.372337586251795,0.0166514430687441,0.264667560746646,0.296065205885322,0.0313976451386763,0.0313976451386763,0.299086071854374,0.373287850994103,0.0166514430687441,NA,NA,0.138358007579541,0.138635278135813,0.0116570515816901,NA,"not implemented","scenario-matched correction regenerated and independently checked"
"S4_quadratic_moderate","twfe","",2,500,500,0,0,2.26466756074665,0.264667560746646,0.264667560746646,0.264951111750309,13.2333780373323,0.283619117587056,0.102037785003487,0.00456326847082612,0.264667560746646,NA,NA,NA,NA,NA,NA,0,0,0.010390886149281,0.0104117095684179,0.00440684116250611,NA,"not implemented","all raw summaries independently verified; 3 selected refits per scenario checked separately"
"S4_quadratic_moderate","linear_adjusted_did","linear",2,500,500,0,0,2.26466756074665,0.264667560746646,0.264667560746646,0.264951111750309,13.2333780373323,0.283619117587056,0.102037785003487,0.00456326847082612,0.264667560746646,4.99302205483888e-18,-0.264667560746646,0.264667560746646,0.264951111750308,0.283619117587056,0.00456326847082611,0.0139400000000034,6.97000000000171,0.010390886149281,0.0104117095684179,0.00440684116250611,NA,"not implemented","all raw summaries independently verified; 3 selected refits per scenario checked separately"
"S4_quadratic_moderate","synth_adjusted_did","synth",2,500,500,0,0,2.26518297970895,0.265182979708953,0.265182979708953,0.265491634206761,13.2591489854476,0.284112604659671,0.102072508508266,0.00456482135316819,0.264667560746646,-0.000515418962306358,-0.265182979708952,0.265182979708952,0.265491634206761,0.284112604659671,0.00456482135316818,0.122800000000001,61.4000000000005,0.0103979593991838,0.0104187969931701,0.00440271554181991,NA,"not implemented","all raw summaries independently verified; 3 selected refits per scenario checked separately"
"S4_quadratic_moderate","random_forest_adjusted_did","random_forest",2,500,500,0,0,2.19181427304705,0.191814273047051,0.191814273047051,0.196063021935121,9.59071365235255,0.221677432406484,0.111233603388581,0.00497451797118236,0.264667560746646,0.0728532876995949,-0.191814273047051,0.191814273047051,0.196063021935121,0.221677432406484,0.00497451797118236,3.6365,1818.25,0.0123481686937625,0.0123729145228081,0.00463158022514766,NA,"not implemented","all raw summaries independently verified; 3 selected refits per scenario checked separately"
"S4_quadratic_moderate","gbm_adjusted_did","gbm",2,500,500,0,0,2.27471474574975,0.274714745749747,0.274714745749747,0.275520899501147,13.7357372874874,0.297168976943398,0.113432549172013,0.00507285781619416,0.264667560746646,-0.0100471850031013,-0.274714745749747,0.274714745749747,0.275520899501147,0.297168976943398,0.00507285781619416,0.644600000000002,322.300000000001,0.0128412093252378,0.0128669432116611,0.00495246567157567,NA,"not implemented","all raw summaries independently verified; 3 selected refits per scenario checked separately"
"S5_quadratic_strong","scenario_matched_gap_adjusted_did","quadratic_gap",2,500,500,0,0,1.99772079132361,-0.00227920867638694,0.00227920867638694,0.321975769023634,-0.113960433819347,0.405827041739887,0.406227071824273,0.0181670269379953,0.919422486270457,0.921701694946844,0.00227920867638696,0.00227920867638696,0.321975769023634,0.405827041739887,0.0181670269379953,NA,NA,0.164690393015157,0.165020433882923,0.0129453125153954,NA,"not implemented","scenario-matched correction regenerated and independently checked"
"S5_quadratic_strong","twfe","",2,500,500,0,0,2.91942248627046,0.919422486270457,0.919422486270457,0.919422486270457,45.9711243135229,0.93138354124518,0.148936082115029,0.00666062407823392,0.919422486270457,NA,NA,NA,NA,NA,NA,0,0,0.0221375926426632,0.0221819565557747,0.00653719917709907,NA,"not implemented","all raw summaries independently verified; 3 selected refits per scenario checked separately"
"S5_quadratic_strong","linear_adjusted_did","linear",2,500,500,0,0,2.91942248627046,0.919422486270457,0.919422486270457,0.919422486270457,45.9711243135229,0.93138354124518,0.148936082115029,0.00666062407823392,0.919422486270457,2.18125214071496e-18,-0.919422486270457,0.919422486270457,0.919422486270457,0.93138354124518,0.00666062407823393,0.0136600000000059,6.83000000000295,0.0221375926426632,0.0221819565557747,0.00653719917709907,NA,"not implemented","all raw summaries independently verified; 3 selected refits per scenario checked separately"
"S5_quadratic_strong","synth_adjusted_did","synth",2,500,500,0,0,2.89266888505543,0.89266888505543,0.89266888505543,0.89266888505543,44.6334442527715,0.905402585570177,0.151466126860854,0.00677377111898954,0.919422486270457,0.0267536012150263,-0.89266888505543,0.89266888505543,0.89266888505543,0.905402585570177,0.00677377111898953,0.123239999999986,61.6199999999929,0.0228961036110559,0.0229419875862284,0.00662317831957532,NA,"not implemented","all raw summaries independently verified; 3 selected refits per scenario checked separately"
"S5_quadratic_strong","random_forest_adjusted_did","random_forest",2,500,500,0,0,2.66919980213463,0.669199802134628,0.669199802134628,0.669199802134628,33.4599901067314,0.682727768728306,0.135371643927618,0.00605400396096103,0.919422486270457,0.250222684135829,-0.669199802134627,0.669199802134627,0.669199802134627,0.682727768728306,0.00605400396096103,11.14858,5574.29000000001,0.0182888310157066,0.0183254819796659,0.00599604984848969,NA,"not implemented","all raw summaries independently verified; 3 selected refits per scenario checked separately"
"S5_quadratic_strong","gbm_adjusted_did","gbm",2,500,500,0,0,2.87610398127984,0.876103981279843,0.876103981279843,0.876103981279843,43.8051990639922,0.885983287928254,0.132072278117182,0.00590645183626554,0.919422486270457,0.0433185049906138,-0.876103981279843,0.876103981279843,0.876103981279843,0.885983287928254,0.00590645183626554,0.904139999999996,452.069999999998,0.0174082004737681,0.0174430866470623,0.00583445583742727,NA,"not implemented","all raw summaries independently verified; 3 selected refits per scenario checked separately"
"S6_linear_high_noise","scenario_matched_gap_adjusted_did","linear_gap",2,500,500,0,0,2.00116458662266,0.00116458662265926,0.00116458662265926,0.314363834059545,0.0582293311329632,0.397145743167528,0.39754177639847,0.01777860871846,0.229475142506215,0.228310555883556,-0.00116458662265926,0.00116458662265926,0.314363834059545,0.397145743167528,0.01777860871846,NA,NA,0.157723385054087,0.158039463982051,0.0124288229523137,NA,"not implemented","scenario-matched correction regenerated and independently checked"
"S6_linear_high_noise","twfe","",2,500,500,0,0,2.22947514250622,0.229475142506215,0.229475142506215,0.256669183851814,11.4737571253108,0.305175114266779,0.201380529283848,0.00900601105647144,0.229475142506215,NA,NA,NA,NA,NA,NA,0,0,0.0404730093394936,0.0405541175746429,0.00763903116301574,NA,"not implemented","all raw summaries independently verified; 3 selected refits per scenario checked separately"
"S6_linear_high_noise","linear_adjusted_did","linear",2,500,500,0,0,2.22947514250622,0.229475142506215,0.229475142506215,0.256669183851814,11.4737571253108,0.305175114266779,0.201380529283848,0.00900601105647144,0.229475142506215,3.49503412322427e-18,-0.229475142506215,0.229475142506215,0.256669183851814,0.305175114266779,0.00900601105647144,0.011640000000004,5.82000000000201,0.0404730093394936,0.0405541175746429,0.00763903116301574,NA,"not implemented","all raw summaries independently verified; 3 selected refits per scenario checked separately"
"S6_linear_high_noise","synth_adjusted_did","synth",2,500,500,0,0,2.27022046164616,0.270220461646157,0.270220461646157,0.286204821200695,13.5110230823078,0.333848030271381,0.196245851656548,0.00877638129212762,0.229475142506215,-0.0407453191399412,-0.270220461646157,0.270220461646157,0.286204821200695,0.333848030271381,0.00877638129212763,0.120339999999993,60.1699999999965,0.038435409423819,0.0385124342924038,0.00800992167885737,NA,"not implemented","all raw summaries independently verified; 3 selected refits per scenario checked separately"
"S6_linear_high_noise","random_forest_adjusted_did","random_forest",2,500,500,0,0,2.13798820822576,0.137988208225763,0.137988208225763,0.255255290516422,6.89941041128816,0.320485205539868,0.289547399839963,0.0129489533750094,0.229475142506215,0.0914869342804524,-0.137988208225763,0.137988208225763,0.255255290516422,0.320485205539868,0.0129489533750094,3.6708,1835.4,0.0836700213605751,0.0838376967540832,0.00953734365394816,NA,"not implemented","all raw summaries independently verified; 3 selected refits per scenario checked separately"
"S6_linear_high_noise","gbm_adjusted_did","gbm",2,500,500,0,0,2.24720368895714,0.247203688957141,0.247203688957141,0.271588118113886,12.360184447857,0.318377819922437,0.200836857352148,0.00898169730853664,0.229475142506215,-0.0177285464509252,-0.247203688957141,0.247203688957141,0.271588118113886,0.318377819922437,0.00898169730853664,0.629180000000009,314.590000000004,0.040254772384545,0.0403354432710872,0.0078336752582597,NA,"not implemented","all raw summaries independently verified; 3 selected refits per scenario checked separately"
