"category","destination","source","source_sha256"
"simulation_code","simulation\original\panel_simulation_scenarios.R","C:\Users\hishi\Desktop\Paper\new paper process\panel_simulation_scenarios.R","5F0C9B7612062B7F6C239F146BBD1D96BB2C3D404492EBBCEF764AB1184AE876"
"simulation_code","simulation\original\monte_carlo_evaluation\code\14_estimation_95ci_forest_plot.R","C:\Users\hishi\Desktop\Paper\new paper process\monte_carlo_evaluation\code\14_estimation_95ci_forest_plot.R","013870B36E23F1068BDE08B616AEC3C09F651CED07906FE30180E9861DF2BB3D"
"simulation_code","simulation\original\monte_carlo_evaluation\code\monte_carlo_pipeline.R","C:\Users\hishi\Desktop\Paper\new paper process\monte_carlo_evaluation\code\monte_carlo_pipeline.R","8335E1923D48E3A4EB78397B05BF87E6851208B96283FC2AD3ADCFEA147D4418"
"simulation_code","simulation\audit_code\audit_reproduce.R","C:\Users\hishi\Documents\Codex\2026-09-13\xia\outputs\thesis_draft_outputs\code\audit_reproduce.R","BC32DCE5BD353E0B5055A02AD44E593AE78B78AAEA064A9B5051545E60A26B62"
"simulation_code","simulation\audit_code\build_assets.py","C:\Users\hishi\Documents\Codex\2026-09-13\xia\outputs\thesis_draft_outputs\code\build_assets.py","CC9B4FC5D4601B894D10D475A7345BAE45E040C3B0AFAF23059CCA9AEEECF3FD"
"simulation_code","simulation\audit_code\deep_checks.R","C:\Users\hishi\Documents\Codex\2026-09-13\xia\outputs\thesis_draft_outputs\code\deep_checks.R","8813C7DEC355BDA96CCE9006F61AB681392C6B1814E9A89CB53D468D368E7175"
"simulation_code","simulation\audit_code\finish_validation.py","C:\Users\hishi\Documents\Codex\2026-09-13\xia\outputs\thesis_draft_outputs\code\finish_validation.py","423CF6E9D61CE9A40FC092CF60417AD80CACC352FFBD21729D2A683CC4BAC2B3"
"simulation_code","simulation\audit_code\fix_overleaf_package.py","C:\Users\hishi\Documents\Codex\2026-09-13\xia\outputs\thesis_draft_outputs\code\fix_overleaf_package.py","43D9D77264EAE7649907FEE0D781C12FB1B24B964A0B9C142B156527EC25F4F4"
"simulation_code","simulation\audit_code\package_outputs.py","C:\Users\hishi\Documents\Codex\2026-09-13\xia\outputs\thesis_draft_outputs\code\package_outputs.py","6F186F98B787EDC69BED15BCC535178373A0EC58EA2FBD431539A91AEF39C5E5"
"simulation_code","simulation\audit_code\quality_checks.py","C:\Users\hishi\Documents\Codex\2026-09-13\xia\outputs\thesis_draft_outputs\code\quality_checks.py","3BC899AC9B83268C3F52C1A612D5FBE9AD04D5338A32805C623F1B964A5EAFE9"
"simulation_code","simulation\audit_code\validate_results.py","C:\Users\hishi\Documents\Codex\2026-09-13\xia\outputs\thesis_draft_outputs\code\validate_results.py","46EEE7732145281386B855CE1B2E184C982A55B166053606D1C02C911E5499D7"
"simulation_code","simulation\scenario_matched\code\scenario_matched_gap_correction.R","C:\Users\hishi\Documents\Codex\2026-09-13\xia\outputs\scenario_matched_revision\code\scenario_matched_gap_correction.R","0DA046D50B7AB0594AE4133122865E406BC95F903CA372A81ECB8CF2C687EFBD"
"simulation_code","simulation\manuscript_tools\build_scenario_matched_revision.py","C:\Users\hishi\Documents\Codex\2026-09-13\xia\work\build_scenario_matched_revision.py","27230F0EE15B9608273145C6FC7DE9705F395648E25757800A58D64B2DBFCC46"
"simulation_code","simulation\manuscript_tools\package_scenario_revision.py","C:\Users\hishi\Documents\Codex\2026-09-13\xia\work\package_scenario_revision.py","0A1588CC3DE00577E9AFB8E9F128B1952EA10FF03FBE1B7FA80B386EF1150028"
"empirical_code","empirical\code\bootstrap.py","C:\Users\hishi\Documents\Codex\2026-09-13\xia\empirical_rebuild\code\bootstrap.py","F06DC4FD7DD9D6B3A1C1A3A47B3FE88A77F00F4F20327822CE757DCE5F39DE82"
"empirical_code","empirical\code\estimate.py","C:\Users\hishi\Documents\Codex\2026-09-13\xia\empirical_rebuild\code\estimate.py","FB39DC5B058E0F19149EA79755118C0784DC52F93275BC1391944D46D46BD722"
"empirical_code","empirical\code\final_qa.py","C:\Users\hishi\Documents\Codex\2026-09-13\xia\empirical_rebuild\code\final_qa.py","F0FF14F1A13537C724E0679D85D2BEE292C4FBD81686511E66F06768CB279C4B"
"empirical_code","empirical\code\generate_artifacts.py","C:\Users\hishi\Documents\Codex\2026-09-13\xia\empirical_rebuild\code\generate_artifacts.py","CE13593C58DD375FC58A562895351DD7501929F118BDDBE431F632A6FAAE462C"
"empirical_code","empirical\code\generate_report.py","C:\Users\hishi\Documents\Codex\2026-09-13\xia\empirical_rebuild\code\generate_report.py","3E091E917507E1AA05047E9319D82E00D97E21E8A4A92B5C8CB9D147E9B4A389"
"empirical_code","empirical\code\generate_selection_table.py","C:\Users\hishi\Documents\Codex\2026-09-13\xia\empirical_rebuild\code\generate_selection_table.py","AD48D2BE977B9566A99C64A93A7BDB422A99C8E8ADA699124D14F4C975E1D0F3"
"empirical_code","empirical\code\pdf_contact.py","C:\Users\hishi\Documents\Codex\2026-09-13\xia\empirical_rebuild\code\pdf_contact.py","39EF9CF0B45231304A2E31DEA4CFD36C59D83F68A3BD0D8252F248DE12C9FB91"
"empirical_code","empirical\code\placebo_dependence.py","C:\Users\hishi\Documents\Codex\2026-09-13\xia\empirical_rebuild\code\placebo_dependence.py","2D1AD125083C0A98E629F8DF7A55B55D5CDE1BF72811238F6426911D7084524A"
"empirical_code","empirical\code\prepare_data.py","C:\Users\hishi\Documents\Codex\2026-09-13\xia\empirical_rebuild\code\prepare_data.py","AC95461EF323451E7E2175D8B847DC31A016EDB12CEBFFD9EDFD7F1A673482D8"
"empirical_code","empirical\code\replicate_mancha.py","C:\Users\hishi\Documents\Codex\2026-09-13\xia\empirical_rebuild\code\replicate_mancha.py","2791E52654355A39A9A5293522FDC70166772349E5970D5380CF51816C0F50D5"
"empirical_code","empirical\code\write_manifest.py","C:\Users\hishi\Documents\Codex\2026-09-13\xia\empirical_rebuild\code\write_manifest.py","6CD5E5B9094E5A828EF3EE195907DF664FB25C33FA2DEF16E4D0D7418399D2F0"
"external_reference_code","empirical\reference_code\Code_Ceara.do","C:\Users\hishi\Desktop\Paper\When-the-State-Steps-Down-main\Do Files\Code_Ceara.do","6D4F68CA2DC7F5A95F3E17A38696F06EF1064CFEE957D22663F99BE91BA6D3CB"
