"category","destination","source","bytes","source_modified","source_sha256","destination_sha256","verified"
"simulation_code","simulation\original\panel_simulation_scenarios.R","C:\Users\hishi\Desktop\Paper\new paper process\panel_simulation_scenarios.R","11601","2026-08-15T17:35:25.4553726+10:00","5F0C9B7612062B7F6C239F146BBD1D96BB2C3D404492EBBCEF764AB1184AE876","5F0C9B7612062B7F6C239F146BBD1D96BB2C3D404492EBBCEF764AB1184AE876","True"
"simulation_code","simulation\original\monte_carlo_evaluation\code\14_estimation_95ci_forest_plot.R","C:\Users\hishi\Desktop\Paper\new paper process\monte_carlo_evaluation\code\14_estimation_95ci_forest_plot.R","10559","2026-09-13T01:05:48.0864879+10:00","013870B36E23F1068BDE08B616AEC3C09F651CED07906FE30180E9861DF2BB3D","013870B36E23F1068BDE08B616AEC3C09F651CED07906FE30180E9861DF2BB3D","True"
"simulation_code","simulation\original\monte_carlo_evaluation\code\monte_carlo_pipeline.R","C:\Users\hishi\Desktop\Paper\new paper process\monte_carlo_evaluation\code\monte_carlo_pipeline.R","30193","2026-08-25T02:14:52.7027902+10:00","8335E1923D48E3A4EB78397B05BF87E6851208B96283FC2AD3ADCFEA147D4418","8335E1923D48E3A4EB78397B05BF87E6851208B96283FC2AD3ADCFEA147D4418","True"
"simulation_saved_results","simulation\original\monte_carlo_evaluation\output\final_500\estimation_95ci_results.csv","C:\Users\hishi\Desktop\Paper\new paper process\monte_carlo_evaluation\output\final_500\estimation_95ci_results.csv","9609","2026-09-13T01:06:04.0948523+10:00","2F99BDC833DC29C162F7FF67CE2A2BE9E3320434B12BC9AD0B87960985886154","2F99BDC833DC29C162F7FF67CE2A2BE9E3320434B12BC9AD0B87960985886154","True"
"simulation_saved_results","simulation\original\monte_carlo_evaluation\output\final_500\model_failures.csv","C:\Users\hishi\Desktop\Paper\new paper process\monte_carlo_evaluation\output\final_500\model_failures.csv","54","2026-08-25T02:11:57.8423316+10:00","98776DB60485D1952583E14C968D2FF896B4BEA56E4C56D9B713823AD1BB086B","98776DB60485D1952583E14C968D2FF896B4BEA56E4C56D9B713823AD1BB086B","True"
"simulation_saved_results","simulation\original\monte_carlo_evaluation\output\final_500\qa_report.csv","C:\Users\hishi\Desktop\Paper\new paper process\monte_carlo_evaluation\output\final_500\qa_report.csv","341","2026-08-25T02:11:57.8393300+10:00","D1C42FB649B82745F0FEEC0D6AB4A7EA8CB59FD55CD55671E9B683EBBE7DF292","D1C42FB649B82745F0FEEC0D6AB4A7EA8CB59FD55CD55671E9B683EBBE7DF292","True"
"simulation_saved_results","simulation\original\monte_carlo_evaluation\output\final_500\replication_results.csv","C:\Users\hishi\Desktop\Paper\new paper process\monte_carlo_evaluation\output\final_500\replication_results.csv","4175555","2026-08-25T02:11:57.1268060+10:00","5D5FF24677A85C4D59CBB102F1C8565ECA13CE855E2999EB34E7E3EA5C498291","5D5FF24677A85C4D59CBB102F1C8565ECA13CE855E2999EB34E7E3EA5C498291","True"
"simulation_saved_results","simulation\original\monte_carlo_evaluation\output\final_500\replication_results.rds","C:\Users\hishi\Desktop\Paper\new paper process\monte_carlo_evaluation\output\final_500\replication_results.rds","445096","2026-08-25T02:11:57.8303286+10:00","B40192A53D4F2C1BEF4ED55806085642AB6B447758C75A7D0D073F9A721FC7D9","B40192A53D4F2C1BEF4ED55806085642AB6B447758C75A7D0D073F9A721FC7D9","True"
"simulation_saved_results","simulation\original\monte_carlo_evaluation\output\final_500\run_metadata.csv","C:\Users\hishi\Desktop\Paper\new paper process\monte_carlo_evaluation\output\final_500\run_metadata.csv","267","2026-08-25T02:11:58.6277602+10:00","430CBBE5BE1C268A4DFCFB361CC602ECB173B18DB4499B21A5963446B4808C75","430CBBE5BE1C268A4DFCFB361CC602ECB173B18DB4499B21A5963446B4808C75","True"
"simulation_saved_results","simulation\original\monte_carlo_evaluation\output\final_500\scenario_method_summary.csv","C:\Users\hishi\Desktop\Paper\new paper process\monte_carlo_evaluation\output\final_500\scenario_method_summary.csv","12713","2026-08-25T02:11:57.8373316+10:00","0DF256DD1599A8DC98B8D2AD676BCA9B9E6CC031998CBEEF142896F3BBF341BE","0DF256DD1599A8DC98B8D2AD676BCA9B9E6CC031998CBEEF142896F3BBF341BE","True"
"simulation_saved_results","simulation\original\monte_carlo_evaluation\output\final_500\checkpoints\batch_0001.rds","C:\Users\hishi\Desktop\Paper\new paper process\monte_carlo_evaluation\output\final_500\checkpoints\batch_0001.rds","12391","2026-08-24T14:59:03.4363683+10:00","A4F32E9B01569FCD0B9E2A7860279C59D1EB27F1B4F46F6752AD2C6CEBA1A9E6","A4F32E9B01569FCD0B9E2A7860279C59D1EB27F1B4F46F6752AD2C6CEBA1A9E6","True"
"simulation_saved_results","simulation\original\monte_carlo_evaluation\output\final_500\checkpoints\batch_0002.rds","C:\Users\hishi\Desktop\Paper\new paper process\monte_carlo_evaluation\output\final_500\checkpoints\batch_0002.rds","12414","2026-08-24T14:59:59.9995717+10:00","6B5D5B747EB7562CDBB261828F78597CB18A4D03D89951C7659E34E1BBD6A45F","6B5D5B747EB7562CDBB261828F78597CB18A4D03D89951C7659E34E1BBD6A45F","True"
"simulation_saved_results","simulation\original\monte_carlo_evaluation\output\final_500\checkpoints\batch_0003.rds","C:\Users\hishi\Desktop\Paper\new paper process\monte_carlo_evaluation\output\final_500\checkpoints\batch_0003.rds","12330","2026-08-24T15:00:57.5147391+10:00","BA7B38D36FEFD52F604AF6517A2C5648DF8F380BA405802BE2EBBF48E7EB35A3","BA7B38D36FEFD52F604AF6517A2C5648DF8F380BA405802BE2EBBF48E7EB35A3","True"
"simulation_saved_results","simulation\original\monte_carlo_evaluation\output\final_500\checkpoints\batch_0004.rds","C:\Users\hishi\Desktop\Paper\new paper process\monte_carlo_evaluation\output\final_500\checkpoints\batch_0004.rds","12293","2026-08-24T15:01:54.0062527+10:00","09063533D93AE7F3CBC35AA122C2C54F854F1B1A566693DCB3DEA0980AB9D795","09063533D93AE7F3CBC35AA122C2C54F854F1B1A566693DCB3DEA0980AB9D795","True"
"simulation_saved_results","simulation\original\monte_carlo_evaluation\output\final_500\checkpoints\batch_0005.rds","C:\Users\hishi\Desktop\Paper\new paper process\monte_carlo_evaluation\output\final_500\checkpoints\batch_0005.rds","12403","2026-08-24T15:02:55.1158640+10:00","931BBB79F55DDD6B705E3C0D127B91BC587CE92E401D6A7C84DC75E4BA7ED632","931BBB79F55DDD6B705E3C0D127B91BC587CE92E401D6A7C84DC75E4BA7ED632","True"
"simulation_saved_results","simulation\original\monte_carlo_evaluation\output\final_500\checkpoints\batch_0006.rds","C:\Users\hishi\Desktop\Paper\new paper process\monte_carlo_evaluation\output\final_500\checkpoints\batch_0006.rds","12265","2026-08-24T15:03:53.9591958+10:00","0F82E7BDE58FF269DA85175A044544B3A4348F65E23FB75B88290F3F055906BC","0F82E7BDE58FF269DA85175A044544B3A4348F65E23FB75B88290F3F055906BC","True"
"simulation_saved_results","simulation\original\monte_carlo_evaluation\output\final_500\checkpoints\batch_0007.rds","C:\Users\hishi\Desktop\Paper\new paper process\monte_carlo_evaluation\output\final_500\checkpoints\batch_0007.rds","12455","2026-08-24T15:04:54.1800299+10:00","E44B8B33A0A617C760A1F70EEA0EB6023234F87B51F377F8E77F3AFD1E72EFD4","E44B8B33A0A617C760A1F70EEA0EB6023234F87B51F377F8E77F3AFD1E72EFD4","True"
"simulation_saved_results","simulation\original\monte_carlo_evaluation\output\final_500\checkpoints\batch_0008.rds","C:\Users\hishi\Desktop\Paper\new paper process\monte_carlo_evaluation\output\final_500\checkpoints\batch_0008.rds","12423","2026-08-24T15:06:01.2783943+10:00","1002A8A93F79A940CEBB9A3D4DBF0D62A5D825859C34D8A7504E070FB186B4F2","1002A8A93F79A940CEBB9A3D4DBF0D62A5D825859C34D8A7504E070FB186B4F2","True"
"simulation_saved_results","simulation\original\monte_carlo_evaluation\output\final_500\checkpoints\batch_0009.rds","C:\Users\hishi\Desktop\Paper\new paper process\monte_carlo_evaluation\output\final_500\checkpoints\batch_0009.rds","12451","2026-08-24T15:07:01.5020554+10:00","4AA6ED4ABB55A9A99901085FE8B6B9A4ABD0432CDE73C3C9F54805EC857026D6","4AA6ED4ABB55A9A99901085FE8B6B9A4ABD0432CDE73C3C9F54805EC857026D6","True"
"simulation_saved_results","simulation\original\monte_carlo_evaluation\output\final_500\checkpoints\batch_0010.rds","C:\Users\hishi\Desktop\Paper\new paper process\monte_carlo_evaluation\output\final_500\checkpoints\batch_0010.rds","12247","2026-08-24T15:07:55.1418908+10:00","A20E448CBF712A82F245CB23038E3FA078E45424A4EA2509442552039517F3FA","A20E448CBF712A82F245CB23038E3FA078E45424A4EA2509442552039517F3FA","True"
"simulation_saved_results","simulation\original\monte_carlo_evaluation\output\final_500\checkpoints\batch_0011.rds","C:\Users\hishi\Desktop\Paper\new paper process\monte_carlo_evaluation\output\final_500\checkpoints\batch_0011.rds","12490","2026-08-24T15:09:08.9187725+10:00","123ACFF015EC8DB1D2717C727BC0E6E71030B1E02A507C050AC50B1536EDCA89","123ACFF015EC8DB1D2717C727BC0E6E71030B1E02A507C050AC50B1536EDCA89","True"
"simulation_saved_results","simulation\original\monte_carlo_evaluation\output\final_500\checkpoints\batch_0012.rds","C:\Users\hishi\Desktop\Paper\new paper process\monte_carlo_evaluation\output\final_500\checkpoints\batch_0012.rds","12368","2026-08-24T15:10:04.1766022+10:00","5DB912C1F9F97548D38C05421A9D43F7905C91EF6D300EB63A6A5F8BAD0A80B1","5DB912C1F9F97548D38C05421A9D43F7905C91EF6D300EB63A6A5F8BAD0A80B1","True"
"simulation_saved_results","simulation\original\monte_carlo_evaluation\output\final_500\checkpoints\batch_0013.rds","C:\Users\hishi\Desktop\Paper\new paper process\monte_carlo_evaluation\output\final_500\checkpoints\batch_0013.rds","12342","2026-08-24T15:10:58.1507923+10:00","D861482698B69DC054C226E2F5B5F2E47A9DE4D1AEC8D54ABB63C2CB350E3302","D861482698B69DC054C226E2F5B5F2E47A9DE4D1AEC8D54ABB63C2CB350E3302","True"
"simulation_saved_results","simulation\original\monte_carlo_evaluation\output\final_500\checkpoints\batch_0014.rds","C:\Users\hishi\Desktop\Paper\new paper process\monte_carlo_evaluation\output\final_500\checkpoints\batch_0014.rds","12243","2026-08-24T15:11:49.9080295+10:00","5EE0BB4ECC3186C57FFA2CA42C031FE887E6612282197ACF300E707B70BF3467","5EE0BB4ECC3186C57FFA2CA42C031FE887E6612282197ACF300E707B70BF3467","True"
"simulation_saved_results","simulation\original\monte_carlo_evaluation\output\final_500\checkpoints\batch_0015.rds","C:\Users\hishi\Desktop\Paper\new paper process\monte_carlo_evaluation\output\final_500\checkpoints\batch_0015.rds","12363","2026-08-24T15:12:43.8405940+10:00","9CE9FF70C27EBDFCEA3BB2B48E98917C02505E8BAA5A0F80198C99FC4EE95E9E","9CE9FF70C27EBDFCEA3BB2B48E98917C02505E8BAA5A0F80198C99FC4EE95E9E","True"
"simulation_saved_results","simulation\original\monte_carlo_evaluation\output\final_500\checkpoints\batch_0016.rds","C:\Users\hishi\Desktop\Paper\new paper process\monte_carlo_evaluation\output\final_500\checkpoints\batch_0016.rds","12696","2026-08-24T16:19:04.6905569+10:00","474756056307359050866AFA91F6EB9021DE47BDAD540F31465CD689325590E9","474756056307359050866AFA91F6EB9021DE47BDAD540F31465CD689325590E9","True"
"simulation_saved_results","simulation\original\monte_carlo_evaluation\output\final_500\checkpoints\batch_0017.rds","C:\Users\hishi\Desktop\Paper\new paper process\monte_carlo_evaluation\output\final_500\checkpoints\batch_0017.rds","12244","2026-08-24T16:20:02.1569662+10:00","5D140CD4047055C9A1CF426574762A5647C92ADADB360740AA9FECD11301A8B9","5D140CD4047055C9A1CF426574762A5647C92ADADB360740AA9FECD11301A8B9","True"
"simulation_saved_results","simulation\original\monte_carlo_evaluation\output\final_500\checkpoints\batch_0018.rds","C:\Users\hishi\Desktop\Paper\new paper process\monte_carlo_evaluation\output\final_500\checkpoints\batch_0018.rds","12244","2026-08-24T16:20:58.1087876+10:00","67340B7DE1861F95991AA17C119B1606387C13A0722D3B40214E00F234E66D75","67340B7DE1861F95991AA17C119B1606387C13A0722D3B40214E00F234E66D75","True"
"simulation_saved_results","simulation\original\monte_carlo_evaluation\output\final_500\checkpoints\batch_0019.rds","C:\Users\hishi\Desktop\Paper\new paper process\monte_carlo_evaluation\output\final_500\checkpoints\batch_0019.rds","12267","2026-08-24T16:21:53.8687572+10:00","8A3E4D88E6330CD8250388D8660DB51805CF47F6F9C43DA57F443BAF6F652C05","8A3E4D88E6330CD8250388D8660DB51805CF47F6F9C43DA57F443BAF6F652C05","True"
"simulation_saved_results","simulation\original\monte_carlo_evaluation\output\final_500\checkpoints\batch_0020.rds","C:\Users\hishi\Desktop\Paper\new paper process\monte_carlo_evaluation\output\final_500\checkpoints\batch_0020.rds","12369","2026-08-24T16:22:51.8416354+10:00","7EA2641A243C2B5C75FDB63301E86973C59A5831487CD023E8DDF95954267372","7EA2641A243C2B5C75FDB63301E86973C59A5831487CD023E8DDF95954267372","True"
"simulation_saved_results","simulation\original\monte_carlo_evaluation\output\final_500\checkpoints\batch_0021.rds","C:\Users\hishi\Desktop\Paper\new paper process\monte_carlo_evaluation\output\final_500\checkpoints\batch_0021.rds","12280","2026-08-24T16:23:48.9021109+10:00","7DE00DF7C696804E13F716DEC5D720EF6287F149732196CC93CB65532D698FDF","7DE00DF7C696804E13F716DEC5D720EF6287F149732196CC93CB65532D698FDF","True"
"simulation_saved_results","simulation\original\monte_carlo_evaluation\output\final_500\checkpoints\batch_0022.rds","C:\Users\hishi\Desktop\Paper\new paper process\monte_carlo_evaluation\output\final_500\checkpoints\batch_0022.rds","12337","2026-08-24T16:24:46.1771085+10:00","54E0E5EA85B4E0F4C07C280F74A832B88CE6766C5FAFD04038F848455B8943AC","54E0E5EA85B4E0F4C07C280F74A832B88CE6766C5FAFD04038F848455B8943AC","True"
"simulation_saved_results","simulation\original\monte_carlo_evaluation\output\final_500\checkpoints\batch_0023.rds","C:\Users\hishi\Desktop\Paper\new paper process\monte_carlo_evaluation\output\final_500\checkpoints\batch_0023.rds","12492","2026-08-25T01:27:54.3159156+10:00","45BBA697D1138388752293825C6A2FD376A6396DF0D6A585B81FCC33CE22B08E","45BBA697D1138388752293825C6A2FD376A6396DF0D6A585B81FCC33CE22B08E","True"
"simulation_saved_results","simulation\original\monte_carlo_evaluation\output\final_500\checkpoints\batch_0024.rds","C:\Users\hishi\Desktop\Paper\new paper process\monte_carlo_evaluation\output\final_500\checkpoints\batch_0024.rds","12393","2026-08-25T01:28:55.9823744+10:00","2BD4D7F93F5C60ED37DA766F69E08FEE6851EE03C8F85075EF5887BC00E2CB24","2BD4D7F93F5C60ED37DA766F69E08FEE6851EE03C8F85075EF5887BC00E2CB24","True"
"simulation_saved_results","simulation\original\monte_carlo_evaluation\output\final_500\checkpoints\batch_0025.rds","C:\Users\hishi\Desktop\Paper\new paper process\monte_carlo_evaluation\output\final_500\checkpoints\batch_0025.rds","12502","2026-08-25T01:30:07.8141209+10:00","BDC62A45DF1D6CC227AC74F3BE286A927A6CC186D37D88BCCA1DB094DFC8F346","BDC62A45DF1D6CC227AC74F3BE286A927A6CC186D37D88BCCA1DB094DFC8F346","True"
"simulation_saved_results","simulation\original\monte_carlo_evaluation\output\final_500\checkpoints\batch_0026.rds","C:\Users\hishi\Desktop\Paper\new paper process\monte_carlo_evaluation\output\final_500\checkpoints\batch_0026.rds","12388","2026-08-25T01:31:08.9387544+10:00","D1A78A0585F488E7500002BEB4FDE8FCC67FB2BF475EED51A7D1604FC9800F59","D1A78A0585F488E7500002BEB4FDE8FCC67FB2BF475EED51A7D1604FC9800F59","True"
"simulation_saved_results","simulation\original\monte_carlo_evaluation\output\final_500\checkpoints\batch_0027.rds","C:\Users\hishi\Desktop\Paper\new paper process\monte_carlo_evaluation\output\final_500\checkpoints\batch_0027.rds","12256","2026-08-25T01:32:06.0330029+10:00","A268DC974EF2546E053ACD838E404F68B8162CAE81DD6A903BE2AD6EAC4D16EF","A268DC974EF2546E053ACD838E404F68B8162CAE81DD6A903BE2AD6EAC4D16EF","True"
"simulation_saved_results","simulation\original\monte_carlo_evaluation\output\final_500\checkpoints\batch_0028.rds","C:\Users\hishi\Desktop\Paper\new paper process\monte_carlo_evaluation\output\final_500\checkpoints\batch_0028.rds","12224","2026-08-25T01:33:03.8071259+10:00","29991D822D02CF77E8EAE675592595ACB65A2540E9527AB59F5A1C020E10E099","29991D822D02CF77E8EAE675592595ACB65A2540E9527AB59F5A1C020E10E099","True"
"simulation_saved_results","simulation\original\monte_carlo_evaluation\output\final_500\checkpoints\batch_0029.rds","C:\Users\hishi\Desktop\Paper\new paper process\monte_carlo_evaluation\output\final_500\checkpoints\batch_0029.rds","12391","2026-08-25T01:34:12.6928806+10:00","A530773D5405FF2C85390C6A238D5E3AFE62FF48B0C91BF90F2444820BF2B37F","A530773D5405FF2C85390C6A238D5E3AFE62FF48B0C91BF90F2444820BF2B37F","True"
"simulation_saved_results","simulation\original\monte_carlo_evaluation\output\final_500\checkpoints\batch_0030.rds","C:\Users\hishi\Desktop\Paper\new paper process\monte_carlo_evaluation\output\final_500\checkpoints\batch_0030.rds","12538","2026-08-25T01:35:26.3075446+10:00","F69B6163F0803D18B9B6FED1FD39AB3E8F389E0549C0E646832FA104261498B5","F69B6163F0803D18B9B6FED1FD39AB3E8F389E0549C0E646832FA104261498B5","True"
"simulation_saved_results","simulation\original\monte_carlo_evaluation\output\final_500\checkpoints\batch_0031.rds","C:\Users\hishi\Desktop\Paper\new paper process\monte_carlo_evaluation\output\final_500\checkpoints\batch_0031.rds","12433","2026-08-25T01:36:37.4097317+10:00","CEF7640694514FEA7B9888F1117EB5FEB54C451B0A749FFBBE8045764DB2308C","CEF7640694514FEA7B9888F1117EB5FEB54C451B0A749FFBBE8045764DB2308C","True"
"simulation_saved_results","simulation\original\monte_carlo_evaluation\output\final_500\checkpoints\batch_0032.rds","C:\Users\hishi\Desktop\Paper\new paper process\monte_carlo_evaluation\output\final_500\checkpoints\batch_0032.rds","12377","2026-08-25T01:37:49.1445796+10:00","DE6C95EF949D54DA3B3C1C5BAAC1CF45D2C6C6FAFFAE712D6C04D0E61A4F6E66","DE6C95EF949D54DA3B3C1C5BAAC1CF45D2C6C6FAFFAE712D6C04D0E61A4F6E66","True"
"simulation_saved_results","simulation\original\monte_carlo_evaluation\output\final_500\checkpoints\batch_0033.rds","C:\Users\hishi\Desktop\Paper\new paper process\monte_carlo_evaluation\output\final_500\checkpoints\batch_0033.rds","12409","2026-08-25T01:39:01.1843264+10:00","A16F0B38683FFA39229158BEAABD7651D7715F96A03A13E0AB92CF5E93A16C58","A16F0B38683FFA39229158BEAABD7651D7715F96A03A13E0AB92CF5E93A16C58","True"
"simulation_saved_results","simulation\original\monte_carlo_evaluation\output\final_500\checkpoints\batch_0034.rds","C:\Users\hishi\Desktop\Paper\new paper process\monte_carlo_evaluation\output\final_500\checkpoints\batch_0034.rds","12369","2026-08-25T01:40:13.9024431+10:00","6166EDDD0C8DEDFA98C5915E85A14EB1DF68B230BFC7FA5983A3F138F79A7971","6166EDDD0C8DEDFA98C5915E85A14EB1DF68B230BFC7FA5983A3F138F79A7971","True"
"simulation_saved_results","simulation\original\monte_carlo_evaluation\output\final_500\checkpoints\batch_0035.rds","C:\Users\hishi\Desktop\Paper\new paper process\monte_carlo_evaluation\output\final_500\checkpoints\batch_0035.rds","12369","2026-08-25T01:41:46.1137010+10:00","18171BE451D3BA8A510BD48BF82476ED7E9010447D497C84A8810C95BB4F5229","18171BE451D3BA8A510BD48BF82476ED7E9010447D497C84A8810C95BB4F5229","True"
"simulation_saved_results","simulation\original\monte_carlo_evaluation\output\final_500\checkpoints\batch_0036.rds","C:\Users\hishi\Desktop\Paper\new paper process\monte_carlo_evaluation\output\final_500\checkpoints\batch_0036.rds","12520","2026-08-25T01:43:39.6259651+10:00","3C72FE2EAF222D94C6A96A688C03EE471530B29BA4953D72DCB661F4BFB9C52F","3C72FE2EAF222D94C6A96A688C03EE471530B29BA4953D72DCB661F4BFB9C52F","True"
"simulation_saved_results","simulation\original\monte_carlo_evaluation\output\final_500\checkpoints\batch_0037.rds","C:\Users\hishi\Desktop\Paper\new paper process\monte_carlo_evaluation\output\final_500\checkpoints\batch_0037.rds","12432","2026-08-25T01:45:45.7366547+10:00","E2E49B6453DB1A7D7981DCB59FB4127143D7D8F13E16CCDF3B0D3D09E717A5DD","E2E49B6453DB1A7D7981DCB59FB4127143D7D8F13E16CCDF3B0D3D09E717A5DD","True"
"simulation_saved_results","simulation\original\monte_carlo_evaluation\output\final_500\checkpoints\batch_0038.rds","C:\Users\hishi\Desktop\Paper\new paper process\monte_carlo_evaluation\output\final_500\checkpoints\batch_0038.rds","12398","2026-08-25T01:47:56.6049671+10:00","2C1F4354BC5A9F82F3140994150B7D56EE677197BD3064E213CBB75C663F568E","2C1F4354BC5A9F82F3140994150B7D56EE677197BD3064E213CBB75C663F568E","True"
"simulation_saved_results","simulation\original\monte_carlo_evaluation\output\final_500\checkpoints\batch_0039.rds","C:\Users\hishi\Desktop\Paper\new paper process\monte_carlo_evaluation\output\final_500\checkpoints\batch_0039.rds","12338","2026-08-25T01:50:08.2124735+10:00","CD7905965DBE610C5D6FA651FC8ED0196A791C1E87A55CB1030C950537916D0F","CD7905965DBE610C5D6FA651FC8ED0196A791C1E87A55CB1030C950537916D0F","True"
"simulation_saved_results","simulation\original\monte_carlo_evaluation\output\final_500\checkpoints\batch_0040.rds","C:\Users\hishi\Desktop\Paper\new paper process\monte_carlo_evaluation\output\final_500\checkpoints\batch_0040.rds","12371","2026-08-25T01:52:17.7451968+10:00","681767135BD23CAE3AF8B0ABCE51F60E51B0EAC9637BC59C463049CDA6CCF015","681767135BD23CAE3AF8B0ABCE51F60E51B0EAC9637BC59C463049CDA6CCF015","True"
"simulation_saved_results","simulation\original\monte_carlo_evaluation\output\final_500\checkpoints\batch_0041.rds","C:\Users\hishi\Desktop\Paper\new paper process\monte_carlo_evaluation\output\final_500\checkpoints\batch_0041.rds","12326","2026-08-25T01:54:30.0141180+10:00","D2B2C70E6B0AEC87300B6D0C4F606A9CB7C9E437A5991E5D9DC7597FE39F3872","D2B2C70E6B0AEC87300B6D0C4F606A9CB7C9E437A5991E5D9DC7597FE39F3872","True"
"simulation_saved_results","simulation\original\monte_carlo_evaluation\output\final_500\checkpoints\batch_0042.rds","C:\Users\hishi\Desktop\Paper\new paper process\monte_carlo_evaluation\output\final_500\checkpoints\batch_0042.rds","12333","2026-08-25T01:56:43.7028407+10:00","719C1F8E09CA077D3257AEBFBE2176B3A114BCBBF3CE4ACCA78279568289E4BC","719C1F8E09CA077D3257AEBFBE2176B3A114BCBBF3CE4ACCA78279568289E4BC","True"
"simulation_saved_results","simulation\original\monte_carlo_evaluation\output\final_500\checkpoints\batch_0043.rds","C:\Users\hishi\Desktop\Paper\new paper process\monte_carlo_evaluation\output\final_500\checkpoints\batch_0043.rds","12510","2026-08-25T01:58:42.7651654+10:00","E961802E6209A93C73F79AC90F38F094C12C0FD38B2453E94D449530B454326E","E961802E6209A93C73F79AC90F38F094C12C0FD38B2453E94D449530B454326E","True"
"simulation_saved_results","simulation\original\monte_carlo_evaluation\output\final_500\checkpoints\batch_0044.rds","C:\Users\hishi\Desktop\Paper\new paper process\monte_carlo_evaluation\output\final_500\checkpoints\batch_0044.rds","12432","2026-08-25T02:00:17.3648093+10:00","F811856583B9B6E989069C684ADD9285E50ED3B314F041F67EFFF1F1BEF0DA01","F811856583B9B6E989069C684ADD9285E50ED3B314F041F67EFFF1F1BEF0DA01","True"
"simulation_saved_results","simulation\original\monte_carlo_evaluation\output\final_500\checkpoints\batch_0045.rds","C:\Users\hishi\Desktop\Paper\new paper process\monte_carlo_evaluation\output\final_500\checkpoints\batch_0045.rds","12530","2026-08-25T02:01:42.6113801+10:00","0F3813CA86CF3C805D49D6B7C1F7BAA3DBF6B7D2F33F6548559E6F8546F3E263","0F3813CA86CF3C805D49D6B7C1F7BAA3DBF6B7D2F33F6548559E6F8546F3E263","True"
"simulation_saved_results","simulation\original\monte_carlo_evaluation\output\final_500\checkpoints\batch_0046.rds","C:\Users\hishi\Desktop\Paper\new paper process\monte_carlo_evaluation\output\final_500\checkpoints\batch_0046.rds","12511","2026-08-25T02:03:32.0219238+10:00","C8C60AF9CEF4B553843145BBA63487990D70CF09981FD5179168DE069AC9C636","C8C60AF9CEF4B553843145BBA63487990D70CF09981FD5179168DE069AC9C636","True"
"simulation_saved_results","simulation\original\monte_carlo_evaluation\output\final_500\checkpoints\batch_0047.rds","C:\Users\hishi\Desktop\Paper\new paper process\monte_carlo_evaluation\output\final_500\checkpoints\batch_0047.rds","12406","2026-08-25T02:05:38.0378965+10:00","EB8150B18183DE79C35E179B70EBDA63167186B358133F51437EB36F3322AD54","EB8150B18183DE79C35E179B70EBDA63167186B358133F51437EB36F3322AD54","True"
"simulation_saved_results","simulation\original\monte_carlo_evaluation\output\final_500\checkpoints\batch_0048.rds","C:\Users\hishi\Desktop\Paper\new paper process\monte_carlo_evaluation\output\final_500\checkpoints\batch_0048.rds","12435","2026-08-25T02:07:45.5407871+10:00","04810ACB3AED6E83F7C0621EC99A4594358B207F67C9545AD276BE0A6F9AAC34","04810ACB3AED6E83F7C0621EC99A4594358B207F67C9545AD276BE0A6F9AAC34","True"
"simulation_saved_results","simulation\original\monte_carlo_evaluation\output\final_500\checkpoints\batch_0049.rds","C:\Users\hishi\Desktop\Paper\new paper process\monte_carlo_evaluation\output\final_500\checkpoints\batch_0049.rds","12345","2026-08-25T02:09:45.9931589+10:00","137F65BEAAFE5F9D8C980D2C35B453EA7D8B52F80DD388E9DA8ED17B0F8EF0CE","137F65BEAAFE5F9D8C980D2C35B453EA7D8B52F80DD388E9DA8ED17B0F8EF0CE","True"
"simulation_saved_results","simulation\original\monte_carlo_evaluation\output\final_500\checkpoints\batch_0050.rds","C:\Users\hishi\Desktop\Paper\new paper process\monte_carlo_evaluation\output\final_500\checkpoints\batch_0050.rds","12285","2026-08-25T02:11:54.7587911+10:00","ED2C712E893D212F2A0BFFEF81B85DD39D74717AB2A96FC8EE3F7740828B3D64","ED2C712E893D212F2A0BFFEF81B85DD39D74717AB2A96FC8EE3F7740828B3D64","True"
"simulation_saved_results","simulation\original\monte_carlo_evaluation\output\final_500\figures\absolute_bias_heatmap.png","C:\Users\hishi\Desktop\Paper\new paper process\monte_carlo_evaluation\output\final_500\figures\absolute_bias_heatmap.png","52199","2026-08-25T02:15:02.4735014+10:00","36B709C5FFF9174FD47FB23C129C52E504C2A8CC697C611304F912FAD31F9E0D","36B709C5FFF9174FD47FB23C129C52E504C2A8CC697C611304F912FAD31F9E0D","True"
"simulation_saved_results","simulation\original\monte_carlo_evaluation\output\final_500\figures\estimation_95ci_forest_plot.png","C:\Users\hishi\Desktop\Paper\new paper process\monte_carlo_evaluation\output\final_500\figures\estimation_95ci_forest_plot.png","70042","2026-09-13T01:06:04.4129303+10:00","12F4A14CF53A1E2F1C8D54D639D8415D747B27F27B56025F92F01A5A3B8B3CB3","12F4A14CF53A1E2F1C8D54D639D8415D747B27F27B56025F92F01A5A3B8B3CB3","True"
"simulation_saved_results","simulation\original\monte_carlo_evaluation\output\final_500\figures\monte_carlo_bias_by_method.png","C:\Users\hishi\Desktop\Paper\new paper process\monte_carlo_evaluation\output\final_500\figures\monte_carlo_bias_by_method.png","23937","2026-08-25T02:15:02.3674859+10:00","853D4AD7A87B38BA8C0DA15B4AB3687C427B63A30B98A4EB26917556068E80F8","853D4AD7A87B38BA8C0DA15B4AB3687C427B63A30B98A4EB26917556068E80F8","True"
"simulation_saved_results","simulation\original\monte_carlo_evaluation\output\final_500\figures\rmse_by_method.png","C:\Users\hishi\Desktop\Paper\new paper process\monte_carlo_evaluation\output\final_500\figures\rmse_by_method.png","23136","2026-08-25T02:15:02.4095077+10:00","9C252AAA661AE2EBA9A2088A9EAD41EBA84BB7C031D8649854290E427DBEB34F","9C252AAA661AE2EBA9A2088A9EAD41EBA84BB7C031D8649854290E427DBEB34F","True"
"simulation_saved_results","simulation\original\monte_carlo_evaluation\output\final_500\figures\rmse_heatmap.png","C:\Users\hishi\Desktop\Paper\new paper process\monte_carlo_evaluation\output\final_500\figures\rmse_heatmap.png","54475","2026-08-25T02:15:02.5216287+10:00","7027B3542D0C0954002005C09618F48727950DA4538335345C847B92E1413722","7027B3542D0C0954002005C09618F48727950DA4538335345C847B92E1413722","True"
"simulation_saved_results","simulation\original\monte_carlo_evaluation\output\final_500\figures\selection_bias_rmse_heatmap.png","C:\Users\hishi\Desktop\Paper\new paper process\monte_carlo_evaluation\output\final_500\figures\selection_bias_rmse_heatmap.png","49305","2026-08-25T02:15:02.5819598+10:00","4DAE088CB2E4C046AE7F09092DDE3DE59CF246B7F53C64455D1B0C661C84CF99","4DAE088CB2E4C046AE7F09092DDE3DE59CF246B7F53C64455D1B0C661C84CF99","True"
"simulation_code","simulation\audit_code\audit_reproduce.R","C:\Users\hishi\Documents\Codex\2026-09-13\xia\outputs\thesis_draft_outputs\code\audit_reproduce.R","4940","2026-09-13T04:05:02.0052393+10:00","BC32DCE5BD353E0B5055A02AD44E593AE78B78AAEA064A9B5051545E60A26B62","BC32DCE5BD353E0B5055A02AD44E593AE78B78AAEA064A9B5051545E60A26B62","True"
"simulation_code","simulation\audit_code\build_assets.py","C:\Users\hishi\Documents\Codex\2026-09-13\xia\outputs\thesis_draft_outputs\code\build_assets.py","4495","2026-09-13T04:05:02.0332444+10:00","CC9B4FC5D4601B894D10D475A7345BAE45E040C3B0AFAF23059CCA9AEEECF3FD","CC9B4FC5D4601B894D10D475A7345BAE45E040C3B0AFAF23059CCA9AEEECF3FD","True"
"simulation_code","simulation\audit_code\deep_checks.R","C:\Users\hishi\Documents\Codex\2026-09-13\xia\outputs\thesis_draft_outputs\code\deep_checks.R","1997","2026-09-13T04:05:02.0152395+10:00","8813C7DEC355BDA96CCE9006F61AB681392C6B1814E9A89CB53D468D368E7175","8813C7DEC355BDA96CCE9006F61AB681392C6B1814E9A89CB53D468D368E7175","True"
"simulation_code","simulation\audit_code\finish_validation.py","C:\Users\hishi\Documents\Codex\2026-09-13\xia\outputs\thesis_draft_outputs\code\finish_validation.py","2707","2026-09-13T04:05:02.0272483+10:00","423CF6E9D61CE9A40FC092CF60417AD80CACC352FFBD21729D2A683CC4BAC2B3","423CF6E9D61CE9A40FC092CF60417AD80CACC352FFBD21729D2A683CC4BAC2B3","True"
"simulation_code","simulation\audit_code\fix_overleaf_package.py","C:\Users\hishi\Documents\Codex\2026-09-13\xia\outputs\thesis_draft_outputs\code\fix_overleaf_package.py","2727","2026-09-14T13:51:54.0375113+10:00","43D9D77264EAE7649907FEE0D781C12FB1B24B964A0B9C142B156527EC25F4F4","43D9D77264EAE7649907FEE0D781C12FB1B24B964A0B9C142B156527EC25F4F4","True"
"simulation_code","simulation\audit_code\package_outputs.py","C:\Users\hishi\Documents\Codex\2026-09-13\xia\outputs\thesis_draft_outputs\code\package_outputs.py","6031","2026-09-13T04:05:02.0412469+10:00","6F186F98B787EDC69BED15BCC535178373A0EC58EA2FBD431539A91AEF39C5E5","6F186F98B787EDC69BED15BCC535178373A0EC58EA2FBD431539A91AEF39C5E5","True"
"simulation_code","simulation\audit_code\quality_checks.py","C:\Users\hishi\Documents\Codex\2026-09-13\xia\outputs\thesis_draft_outputs\code\quality_checks.py","4893","2026-09-13T04:05:02.0372433+10:00","3BC899AC9B83268C3F52C1A612D5FBE9AD04D5338A32805C623F1B964A5EAFE9","3BC899AC9B83268C3F52C1A612D5FBE9AD04D5338A32805C623F1B964A5EAFE9","True"
"simulation_code","simulation\audit_code\validate_results.py","C:\Users\hishi\Documents\Codex\2026-09-13\xia\outputs\thesis_draft_outputs\code\validate_results.py","7648","2026-09-13T04:05:02.0222414+10:00","46EEE7732145281386B855CE1B2E184C982A55B166053606D1C02C911E5499D7","46EEE7732145281386B855CE1B2E184C982A55B166053606D1C02C911E5499D7","True"
"simulation_documentation_results","simulation\audit_outputs\README.md","C:\Users\hishi\Documents\Codex\2026-09-13\xia\outputs\thesis_draft_outputs\README.md","4540","2026-09-14T13:51:55.7868734+10:00","9BC94783D93091C104FD6E9215C7767095DDF2E50895E916CF76B8F27B00D1F4","9BC94783D93091C104FD6E9215C7767095DDF2E50895E916CF76B8F27B00D1F4","True"
"simulation_documentation_results","simulation\audit_outputs\simulation_audit.md","C:\Users\hishi\Documents\Codex\2026-09-13\xia\outputs\thesis_draft_outputs\simulation_audit.md","24378","2026-09-13T04:03:20.2846527+10:00","E79E8A9C2BF3FD50AD967F6104A77E149D2442E820109FD0336B5C0DCC54A8E6","E79E8A9C2BF3FD50AD967F6104A77E149D2442E820109FD0336B5C0DCC54A8E6","True"
"simulation_documentation_results","simulation\audit_outputs\session_info.txt","C:\Users\hishi\Documents\Codex\2026-09-13\xia\outputs\thesis_draft_outputs\session_info.txt","759","2026-09-13T03:54:31.9867657+10:00","999A3C446BB1BAEE07EEE9B22B7C0913ACCC1423A7ADD5B335A478EEAE241314","999A3C446BB1BAEE07EEE9B22B7C0913ACCC1423A7ADD5B335A478EEAE241314","True"
"simulation_documentation_results","simulation\audit_outputs\run_log.txt","C:\Users\hishi\Documents\Codex\2026-09-13\xia\outputs\thesis_draft_outputs\run_log.txt","13519","2026-09-13T04:05:54.3809529+10:00","30D3382E9FC5F3995EEA320BC15C99204C97899B84B6AD939729802F10A62A90","30D3382E9FC5F3995EEA320BC15C99204C97899B84B6AD939729802F10A62A90","True"
"simulation_documentation_results","simulation\audit_outputs\file_inventory.csv","C:\Users\hishi\Documents\Codex\2026-09-13\xia\outputs\thesis_draft_outputs\file_inventory.csv","284764","2026-09-13T03:41:40.7449593+10:00","F8512A129408EC4D1317A34412177F50DE360232E1335654B098799A44A7DD2B","F8512A129408EC4D1317A34412177F50DE360232E1335654B098799A44A7DD2B","True"
"simulation_documentation_results","simulation\audit_outputs\results_summary.csv","C:\Users\hishi\Documents\Codex\2026-09-13\xia\outputs\thesis_draft_outputs\results_summary.csv","19011","2026-09-13T03:41:41.0199594+10:00","0BD5AFECBF9C4823D2AD5E8BE538FFFE4536F8B27E43EC9975EE9B2F00B6FF9B","0BD5AFECBF9C4823D2AD5E8BE538FFFE4536F8B27E43EC9975EE9B2F00B6FF9B","True"
"simulation_documentation_results","simulation\audit_outputs\results_summary_updated.csv","C:\Users\hishi\Documents\Codex\2026-09-13\xia\outputs\thesis_draft_outputs\results_summary_updated.csv","22477","2026-09-21T14:03:35.6742191+10:00","0531257379E7C05431B7FEEDC43C59E0F5AB4C509B9B3398062BF0584FCDBDAA","0531257379E7C05431B7FEEDC43C59E0F5AB4C509B9B3398062BF0584FCDBDAA","True"
"simulation_documentation_results","simulation\audit_outputs\method_ranking_by_scenario.csv","C:\Users\hishi\Documents\Codex\2026-09-13\xia\outputs\thesis_draft_outputs\method_ranking_by_scenario.csv","3961","2026-09-13T03:41:41.1189605+10:00","5331BFF68C87693D811CACED4450E235F1BBC31FB14E6047AC501A73F850AC18","5331BFF68C87693D811CACED4450E235F1BBC31FB14E6047AC501A73F850AC18","True"
"simulation_code","simulation\scenario_matched\code\scenario_matched_gap_correction.R","C:\Users\hishi\Documents\Codex\2026-09-13\xia\outputs\scenario_matched_revision\code\scenario_matched_gap_correction.R","14513","2026-09-21T14:03:04.4448283+10:00","0DA046D50B7AB0594AE4133122865E406BC95F903CA372A81ECB8CF2C687EFBD","0DA046D50B7AB0594AE4133122865E406BC95F903CA372A81ECB8CF2C687EFBD","True"
"simulation_saved_results","simulation\scenario_matched\results\scenario_matched_coefficients_summary.csv","C:\Users\hishi\Documents\Codex\2026-09-13\xia\outputs\scenario_matched_revision\results\scenario_matched_coefficients_summary.csv","827","2026-09-21T14:03:35.6711727+10:00","677477F08F76EFFCAF1745D3128B5E19837D36230FEAB3C981EAA6B42F023410","677477F08F76EFFCAF1745D3128B5E19837D36230FEAB3C981EAA6B42F023410","True"
"simulation_saved_results","simulation\scenario_matched\results\scenario_matched_replication_results.csv","C:\Users\hishi\Documents\Codex\2026-09-13\xia\outputs\scenario_matched_revision\results\scenario_matched_replication_results.csv","969257","2026-09-21T14:03:35.5969224+10:00","18441FEDB0249C261004E80B8DAD173E9D24D15D59311697666C8675E5F5CFB3","18441FEDB0249C261004E80B8DAD173E9D24D15D59311697666C8675E5F5CFB3","True"
"simulation_saved_results","simulation\scenario_matched\results\scenario_matched_replication_results.rds","C:\Users\hishi\Documents\Codex\2026-09-13\xia\outputs\scenario_matched_revision\results\scenario_matched_replication_results.rds","202732","2026-09-21T14:03:35.6659644+10:00","33AEE05D9B9DDC24760BFF9847F7157CC38A95F677ED5B2EBE82BDCE88321E73","33AEE05D9B9DDC24760BFF9847F7157CC38A95F677ED5B2EBE82BDCE88321E73","True"
"simulation_saved_results","simulation\scenario_matched\results\scenario_matched_summary.csv","C:\Users\hishi\Documents\Codex\2026-09-13\xia\outputs\scenario_matched_revision\results\scenario_matched_summary.csv","4216","2026-09-21T14:03:35.6681604+10:00","AB25428392F23EAB3117C51A95C05FCAC4B19972CD04BD4D6891CD5664B18E3B","AB25428392F23EAB3117C51A95C05FCAC4B19972CD04BD4D6891CD5664B18E3B","True"
"simulation_saved_results","simulation\scenario_matched\results\scenario_matched_vs_twfe_paired.csv","C:\Users\hishi\Documents\Codex\2026-09-13\xia\outputs\scenario_matched_revision\results\scenario_matched_vs_twfe_paired.csv","1650","2026-09-21T14:03:35.6701783+10:00","9F4CEA7A7B930041C13AB0F9C0E6912B84FB6A4865AF055A236AE833EF39B269","9F4CEA7A7B930041C13AB0F9C0E6912B84FB6A4865AF055A236AE833EF39B269","True"
"simulation_saved_results","simulation\scenario_matched\results\updated_all_method_summary.csv","C:\Users\hishi\Documents\Codex\2026-09-13\xia\outputs\scenario_matched_revision\results\updated_all_method_summary.csv","22477","2026-09-21T14:03:35.6742191+10:00","0531257379E7C05431B7FEEDC43C59E0F5AB4C509B9B3398062BF0584FCDBDAA","0531257379E7C05431B7FEEDC43C59E0F5AB4C509B9B3398062BF0584FCDBDAA","True"
"simulation_saved_results","simulation\scenario_matched\results\updated_method_ranking_by_scenario.csv","C:\Users\hishi\Documents\Codex\2026-09-13\xia\outputs\scenario_matched_revision\results\updated_method_ranking_by_scenario.csv","4469","2026-09-21T14:03:35.6752560+10:00","49E8A5D2584FEFB65FAD426D430D35119FBC4A656B62868C6E64494943601CAD","49E8A5D2584FEFB65FAD426D430D35119FBC4A656B62868C6E64494943601CAD","True"
"simulation_validation","simulation\scenario_matched\validation\scenario_matched_qa.csv","C:\Users\hishi\Documents\Codex\2026-09-13\xia\outputs\scenario_matched_revision\validation\scenario_matched_qa.csv","481","2026-09-21T14:03:35.6773228+10:00","C4406ED56E979AE18D9D935BD7D06F4B606BB28A015EA9C214C18033034B7686","C4406ED56E979AE18D9D935BD7D06F4B606BB28A015EA9C214C18033034B7686","True"
"simulation_validation","simulation\scenario_matched\validation\session_info.txt","C:\Users\hishi\Documents\Codex\2026-09-13\xia\outputs\scenario_matched_revision\validation\session_info.txt","434","2026-09-21T14:03:35.7020278+10:00","3D8C1B738E0196A460AFE9BD36F32ED803A6357AE8033664397A915F305A064E","3D8C1B738E0196A460AFE9BD36F32ED803A6357AE8033664397A915F305A064E","True"
"simulation_validation","simulation\scenario_matched\validation\rendered\contact_sheet.png","C:\Users\hishi\Documents\Codex\2026-09-13\xia\outputs\scenario_matched_revision\validation\rendered\contact_sheet.png","746911","2026-09-21T14:04:52.3865610+10:00","4C6A9DF69A4B0558BB61ECFB6E1990FA85407DEC664D0340F292681D9CB36765","4C6A9DF69A4B0558BB61ECFB6E1990FA85407DEC664D0340F292681D9CB36765","True"
"simulation_validation","simulation\scenario_matched\validation\rendered\page-01.png","C:\Users\hishi\Documents\Codex\2026-09-13\xia\outputs\scenario_matched_revision\validation\rendered\page-01.png","260676","2026-09-21T14:04:39.6753160+10:00","ACC9FDF7562BD19B7B248DBBC8E3EE23BFF2455EC70D98FD7ED1B2E3B86B437A","ACC9FDF7562BD19B7B248DBBC8E3EE23BFF2455EC70D98FD7ED1B2E3B86B437A","True"
"simulation_validation","simulation\scenario_matched\validation\rendered\page-02.png","C:\Users\hishi\Documents\Codex\2026-09-13\xia\outputs\scenario_matched_revision\validation\rendered\page-02.png","295583","2026-09-21T14:04:39.8947726+10:00","BAD9D12D750A8C8774924634385C57A0FCDD97CF28E9EB56149E16D482E54D1F","BAD9D12D750A8C8774924634385C57A0FCDD97CF28E9EB56149E16D482E54D1F","True"
"simulation_validation","simulation\scenario_matched\validation\rendered\page-03.png","C:\Users\hishi\Documents\Codex\2026-09-13\xia\outputs\scenario_matched_revision\validation\rendered\page-03.png","299883","2026-09-21T14:04:40.1277155+10:00","3AC8161904C185107C7C76748AD82055D003F9EF0ECDE4144542D4C240DA2C57","3AC8161904C185107C7C76748AD82055D003F9EF0ECDE4144542D4C240DA2C57","True"
"simulation_validation","simulation\scenario_matched\validation\rendered\page-04.png","C:\Users\hishi\Documents\Codex\2026-09-13\xia\outputs\scenario_matched_revision\validation\rendered\page-04.png","226560","2026-09-21T14:04:40.3014651+10:00","6F410189AA6DF739AF40D4A87C2900600B2BA2BF4C4A80C170E9FFA26D314AC4","6F410189AA6DF739AF40D4A87C2900600B2BA2BF4C4A80C170E9FFA26D314AC4","True"
"simulation_validation","simulation\scenario_matched\validation\rendered\page-05.png","C:\Users\hishi\Documents\Codex\2026-09-13\xia\outputs\scenario_matched_revision\validation\rendered\page-05.png","238428","2026-09-21T14:04:40.4947119+10:00","E4B2D8C8B60A4FA628A82E940E9AFBBF701FC4D8E661F1FAEAF1A0D5DA228D77","E4B2D8C8B60A4FA628A82E940E9AFBBF701FC4D8E661F1FAEAF1A0D5DA228D77","True"
"simulation_validation","simulation\scenario_matched\validation\rendered\page-06.png","C:\Users\hishi\Documents\Codex\2026-09-13\xia\outputs\scenario_matched_revision\validation\rendered\page-06.png","269568","2026-09-21T14:04:40.7058145+10:00","331D4299850EE85509233A7F0E2D36E15826D4727265924A32FEB5E63E05F3F8","331D4299850EE85509233A7F0E2D36E15826D4727265924A32FEB5E63E05F3F8","True"
"simulation_validation","simulation\scenario_matched\validation\rendered\page-07.png","C:\Users\hishi\Documents\Codex\2026-09-13\xia\outputs\scenario_matched_revision\validation\rendered\page-07.png","296902","2026-09-21T14:04:40.9207475+10:00","4BEBBE4F0C8D90F766489ECECEF18E8FA6CDB81B61EA52D81BA4403260E7B0A6","4BEBBE4F0C8D90F766489ECECEF18E8FA6CDB81B61EA52D81BA4403260E7B0A6","True"
"simulation_validation","simulation\scenario_matched\validation\rendered\page-08.png","C:\Users\hishi\Documents\Codex\2026-09-13\xia\outputs\scenario_matched_revision\validation\rendered\page-08.png","194400","2026-09-21T14:04:41.1913473+10:00","446DF6654A368DD37102518EEC2B82161FB927E4E8E3AE41238939F697D5F958","446DF6654A368DD37102518EEC2B82161FB927E4E8E3AE41238939F697D5F958","True"
"simulation_validation","simulation\scenario_matched\validation\rendered\page-09.png","C:\Users\hishi\Documents\Codex\2026-09-13\xia\outputs\scenario_matched_revision\validation\rendered\page-09.png","194549","2026-09-21T14:04:41.3567587+10:00","8573481429D94DB69B674C1D31DBABA25227211F4C181B98134C5CFFAE208425","8573481429D94DB69B674C1D31DBABA25227211F4C181B98134C5CFFAE208425","True"
"simulation_validation","simulation\scenario_matched\validation\rendered\page-10.png","C:\Users\hishi\Documents\Codex\2026-09-13\xia\outputs\scenario_matched_revision\validation\rendered\page-10.png","90719","2026-09-21T14:04:41.4540382+10:00","27972B6DDC6DFC13B689894A43A5F5FFE7E16DACA0322CFFA6E8E6443A221404","27972B6DDC6DFC13B689894A43A5F5FFE7E16DACA0322CFFA6E8E6443A221404","True"
"simulation_validation","simulation\scenario_matched\validation\rendered\page-11.png","C:\Users\hishi\Documents\Codex\2026-09-13\xia\outputs\scenario_matched_revision\validation\rendered\page-11.png","276218","2026-09-21T14:04:41.6647971+10:00","E9C4A65C7EE3384718602ADAB4ACA329A9BF1FD00444410993120236A9B6FBC1","E9C4A65C7EE3384718602ADAB4ACA329A9BF1FD00444410993120236A9B6FBC1","True"
"simulation_validation","simulation\scenario_matched\validation\rendered\page-12.png","C:\Users\hishi\Documents\Codex\2026-09-13\xia\outputs\scenario_matched_revision\validation\rendered\page-12.png","129257","2026-09-21T14:04:41.7684649+10:00","76AD6A01B624875D01276F6416D84F84BC2FD4FDC49CE4021133E1A6B6B7EA5D","76AD6A01B624875D01276F6416D84F84BC2FD4FDC49CE4021133E1A6B6B7EA5D","True"
"simulation_documentation","simulation\scenario_matched\README.md","C:\Users\hishi\Documents\Codex\2026-09-13\xia\outputs\scenario_matched_revision\README.md","604","2026-09-21T14:04:18.6666318+10:00","C53941FF475F2B4C4028F43DC284EC5A7EC83070882B6F1F2A2E50D210C859E8","C53941FF475F2B4C4028F43DC284EC5A7EC83070882B6F1F2A2E50D210C859E8","True"
"simulation_code","simulation\manuscript_tools\build_scenario_matched_revision.py","C:\Users\hishi\Documents\Codex\2026-09-13\xia\work\build_scenario_matched_revision.py","20342","2026-09-21T14:07:50.2326859+10:00","27230F0EE15B9608273145C6FC7DE9705F395648E25757800A58D64B2DBFCC46","27230F0EE15B9608273145C6FC7DE9705F395648E25757800A58D64B2DBFCC46","True"
"simulation_code","simulation\manuscript_tools\package_scenario_revision.py","C:\Users\hishi\Documents\Codex\2026-09-13\xia\work\package_scenario_revision.py","619","2026-09-21T14:06:50.5300591+10:00","0A1588CC3DE00577E9AFB8E9F128B1952EA10FF03FBE1B7FA80B386EF1150028","0A1588CC3DE00577E9AFB8E9F128B1952EA10FF03FBE1B7FA80B386EF1150028","True"
"empirical_code","empirical\code\bootstrap.py","C:\Users\hishi\Documents\Codex\2026-09-13\xia\empirical_rebuild\code\bootstrap.py","5707","2026-09-28T16:53:04.1564201+10:00","F06DC4FD7DD9D6B3A1C1A3A47B3FE88A77F00F4F20327822CE757DCE5F39DE82","F06DC4FD7DD9D6B3A1C1A3A47B3FE88A77F00F4F20327822CE757DCE5F39DE82","True"
"empirical_code","empirical\code\estimate.py","C:\Users\hishi\Documents\Codex\2026-09-13\xia\empirical_rebuild\code\estimate.py","15154","2026-09-28T17:32:12.3306915+10:00","FB39DC5B058E0F19149EA79755118C0784DC52F93275BC1391944D46D46BD722","FB39DC5B058E0F19149EA79755118C0784DC52F93275BC1391944D46D46BD722","True"
"empirical_code","empirical\code\final_qa.py","C:\Users\hishi\Documents\Codex\2026-09-13\xia\empirical_rebuild\code\final_qa.py","2424","2026-09-28T17:52:21.6417955+10:00","F0FF14F1A13537C724E0679D85D2BEE292C4FBD81686511E66F06768CB279C4B","F0FF14F1A13537C724E0679D85D2BEE292C4FBD81686511E66F06768CB279C4B","True"
"empirical_code","empirical\code\generate_artifacts.py","C:\Users\hishi\Documents\Codex\2026-09-13\xia\empirical_rebuild\code\generate_artifacts.py","10237","2026-09-28T17:38:30.0313430+10:00","CE13593C58DD375FC58A562895351DD7501929F118BDDBE431F632A6FAAE462C","CE13593C58DD375FC58A562895351DD7501929F118BDDBE431F632A6FAAE462C","True"
"empirical_code","empirical\code\generate_report.py","C:\Users\hishi\Documents\Codex\2026-09-13\xia\empirical_rebuild\code\generate_report.py","7193","2026-09-28T17:43:01.6447208+10:00","3E091E917507E1AA05047E9319D82E00D97E21E8A4A92B5C8CB9D147E9B4A389","3E091E917507E1AA05047E9319D82E00D97E21E8A4A92B5C8CB9D147E9B4A389","True"
"empirical_code","empirical\code\generate_selection_table.py","C:\Users\hishi\Documents\Codex\2026-09-13\xia\empirical_rebuild\code\generate_selection_table.py","2245","2026-09-28T17:48:04.6427866+10:00","AD48D2BE977B9566A99C64A93A7BDB422A99C8E8ADA699124D14F4C975E1D0F3","AD48D2BE977B9566A99C64A93A7BDB422A99C8E8ADA699124D14F4C975E1D0F3","True"
"empirical_code","empirical\code\pdf_contact.py","C:\Users\hishi\Documents\Codex\2026-09-13\xia\empirical_rebuild\code\pdf_contact.py","847","2026-09-28T17:18:28.6481461+10:00","39EF9CF0B45231304A2E31DEA4CFD36C59D83F68A3BD0D8252F248DE12C9FB91","39EF9CF0B45231304A2E31DEA4CFD36C59D83F68A3BD0D8252F248DE12C9FB91","True"
"empirical_code","empirical\code\placebo_dependence.py","C:\Users\hishi\Documents\Codex\2026-09-13\xia\empirical_rebuild\code\placebo_dependence.py","1200","2026-09-28T17:12:22.3497369+10:00","2D1AD125083C0A98E629F8DF7A55B55D5CDE1BF72811238F6426911D7084524A","2D1AD125083C0A98E629F8DF7A55B55D5CDE1BF72811238F6426911D7084524A","True"
"empirical_code","empirical\code\prepare_data.py","C:\Users\hishi\Documents\Codex\2026-09-13\xia\empirical_rebuild\code\prepare_data.py","8711","2026-09-28T17:35:51.6003225+10:00","AC95461EF323451E7E2175D8B847DC31A016EDB12CEBFFD9EDFD7F1A673482D8","AC95461EF323451E7E2175D8B847DC31A016EDB12CEBFFD9EDFD7F1A673482D8","True"
"empirical_code","empirical\code\replicate_mancha.py","C:\Users\hishi\Documents\Codex\2026-09-13\xia\empirical_rebuild\code\replicate_mancha.py","3714","2026-09-28T16:51:05.1529659+10:00","2791E52654355A39A9A5293522FDC70166772349E5970D5380CF51816C0F50D5","2791E52654355A39A9A5293522FDC70166772349E5970D5380CF51816C0F50D5","True"
"empirical_code","empirical\code\write_manifest.py","C:\Users\hishi\Documents\Codex\2026-09-13\xia\empirical_rebuild\code\write_manifest.py","865","2026-09-28T17:39:24.9180877+10:00","6CD5E5B9094E5A828EF3EE195907DF664FB25C33FA2DEF16E4D0D7418399D2F0","6CD5E5B9094E5A828EF3EE195907DF664FB25C33FA2DEF16E4D0D7418399D2F0","True"
"empirical_data","empirical\data\balanced_unit_day.csv.gz","C:\Users\hishi\Documents\Codex\2026-09-13\xia\empirical_rebuild\data\balanced_unit_day.csv.gz","2529759","2026-09-28T17:36:37.8180630+10:00","A17CA29B728F7351723BCDD6ABEEDD39CBC160ABDA7534FD78D82C52CD09C257","A17CA29B728F7351723BCDD6ABEEDD39CBC160ABDA7534FD78D82C52CD09C257","True"
"empirical_data","empirical\data\gang_exposure_audit.csv","C:\Users\hishi\Documents\Codex\2026-09-13\xia\empirical_rebuild\data\gang_exposure_audit.csv","1631","2026-09-28T17:36:38.0610597+10:00","EF857E1098E880D995B3AD1654E2A464EC04ED7C8FA42FA513CD1CC6B1B711DF","EF857E1098E880D995B3AD1654E2A464EC04ED7C8FA42FA513CD1CC6B1B711DF","True"
"empirical_data","empirical\data\observed_unit_day.csv.gz","C:\Users\hishi\Documents\Codex\2026-09-13\xia\empirical_rebuild\data\observed_unit_day.csv.gz","96631","2026-09-28T17:36:38.0510585+10:00","004FC4F8D8A52928BC95F564895044A76B3702AC88905B7B9B7DCA7C0EE4069C","004FC4F8D8A52928BC95F564895044A76B3702AC88905B7B9B7DCA7C0EE4069C","True"
"empirical_data","empirical\data\unit_roster.csv","C:\Users\hishi\Documents\Codex\2026-09-13\xia\empirical_rebuild\data\unit_roster.csv","8995","2026-09-28T17:36:37.8200629+10:00","5AD40B3C76DEDED937AE6244082ED00C3AF603EA161BB8433C332C2C816378C3","5AD40B3C76DEDED937AE6244082ED00C3AF603EA161BB8433C332C2C816378C3","True"
"empirical_results","empirical\results\bootstrap_fixed_draws.csv.gz","C:\Users\hishi\Documents\Codex\2026-09-13\xia\empirical_rebuild\results\bootstrap_fixed_draws.csv.gz","428216","2026-09-28T17:12:01.5539596+10:00","B7E3FD195ABBC0E027ECA66CA2D773D6CB0E1A386E1321F2FE65A6A3D10DAA4A","B7E3FD195ABBC0E027ECA66CA2D773D6CB0E1A386E1321F2FE65A6A3D10DAA4A","True"
"empirical_results","empirical\results\bootstrap_fixed_summary.csv","C:\Users\hishi\Documents\Codex\2026-09-13\xia\empirical_rebuild\results\bootstrap_fixed_summary.csv","3777","2026-09-28T17:12:01.5909593+10:00","AF416738F9A374B805EBC3FDA9E3AE837B739881ED1AB603810D7B504F7E26BE","AF416738F9A374B805EBC3FDA9E3AE837B739881ED1AB603810D7B504F7E26BE","True"
"empirical_results","empirical\results\bootstrap_selection_aware_total_summary.json","C:\Users\hishi\Documents\Codex\2026-09-13\xia\empirical_rebuild\results\bootstrap_selection_aware_total_summary.json","249","2026-09-28T18:01:25.9119097+10:00","4CB07C4712B8E7C3E6396EF7A92D7D69E187C1B825E0CEB4F5877185505F1D40","4CB07C4712B8E7C3E6396EF7A92D7D69E187C1B825E0CEB4F5877185505F1D40","True"
"empirical_results","empirical\results\bootstrap_selection_aware_total.csv","C:\Users\hishi\Documents\Codex\2026-09-13\xia\empirical_rebuild\results\bootstrap_selection_aware_total.csv","18952","2026-09-28T18:01:25.9019081+10:00","C9329F5768AC9A548480E03DE89E410965CD9E944A9B67AA09CFA38988F9C01B","C9329F5768AC9A548480E03DE89E410965CD9E944A9B67AA09CFA38988F9C01B","True"
"empirical_results","empirical\results\mancha_external_replication.csv","C:\Users\hishi\Documents\Codex\2026-09-13\xia\empirical_rebuild\results\mancha_external_replication.csv","1040","2026-09-28T16:51:25.7040801+10:00","C929622EEA5D9C602AC2786AD74A8A732C5A55060CE6FAB3C7BB7300DCD27F9F","C929622EEA5D9C602AC2786AD74A8A732C5A55060CE6FAB3C7BB7300DCD27F9F","True"
"empirical_results","empirical\results\paired_placebo_hac.csv","C:\Users\hishi\Documents\Codex\2026-09-13\xia\empirical_rebuild\results\paired_placebo_hac.csv","3458","2026-09-28T17:12:50.9805005+10:00","E28BEF226574F939C8D1E4C4AF85B0A30964610920B0BCB087FABABFE5F24078","E28BEF226574F939C8D1E4C4AF85B0A30964610920B0BCB087FABABFE5F24078","True"
"empirical_results","empirical\results\paired_placebo_mse.csv","C:\Users\hishi\Documents\Codex\2026-09-13\xia\empirical_rebuild\results\paired_placebo_mse.csv","2110","2026-09-28T16:58:38.4925871+10:00","DE97BD564D31577A0EE8B20B2E1DF05186367795D7A3FBBAE6B8ADC6DACFEC16","DE97BD564D31577A0EE8B20B2E1DF05186367795D7A3FBBAE6B8ADC6DACFEC16","True"
"empirical_results","empirical\results\placebo_performance.csv","C:\Users\hishi\Documents\Codex\2026-09-13\xia\empirical_rebuild\results\placebo_performance.csv","5000","2026-09-28T16:58:38.4275830+10:00","02F345293E553BD33138F1A59DDD20CDD5F2D0EBA89B549F739DC03756C866AC","02F345293E553BD33138F1A59DDD20CDD5F2D0EBA89B549F739DC03756C866AC","True"
"empirical_results","empirical\results\placebo_window_estimates.csv","C:\Users\hishi\Documents\Codex\2026-09-13\xia\empirical_rebuild\results\placebo_window_estimates.csv","921440","2026-09-28T16:58:38.3585863+10:00","D5C570043D5CA725D4DF20F95B6CCF390BFF7FD06FF1518561C580DA534F5DEB","D5C570043D5CA725D4DF20F95B6CCF390BFF7FD06FF1518561C580DA534F5DEB","True"
"empirical_results","empirical\results\sensitivity_total.csv","C:\Users\hishi\Documents\Codex\2026-09-13\xia\empirical_rebuild\results\sensitivity_total.csv","16157","2026-09-28T17:01:28.1568826+10:00","B59EB15538A0D3B8B5AD02D8BF1C534D21DC2AF0BF1862DE2738392B521679FE","B59EB15538A0D3B8B5AD02D8BF1C534D21DC2AF0BF1862DE2738392B521679FE","True"
"empirical_results","empirical\results\strike_estimates.csv","C:\Users\hishi\Documents\Codex\2026-09-13\xia\empirical_rebuild\results\strike_estimates.csv","6197","2026-09-28T17:33:42.0474212+10:00","8DF5435434CD584C8B170D0CBF0F624E563331F7F1E467F240AA75B506ECE213","8DF5435434CD584C8B170D0CBF0F624E563331F7F1E467F240AA75B506ECE213","True"
"empirical_figures","empirical\figures\empirical_counterfactual_gap_rebuild.pdf","C:\Users\hishi\Documents\Codex\2026-09-13\xia\empirical_rebuild\figures\empirical_counterfactual_gap_rebuild.pdf","17785","2026-09-28T18:06:43.9320529+10:00","445920F96E3A21B05EDA47FDE5A76E1E785721D2B02D023C49E7B080E0AC9F49","445920F96E3A21B05EDA47FDE5A76E1E785721D2B02D023C49E7B080E0AC9F49","True"
"empirical_figures","empirical\figures\empirical_counterfactual_gap_rebuild.png","C:\Users\hishi\Documents\Codex\2026-09-13\xia\empirical_rebuild\figures\empirical_counterfactual_gap_rebuild.png","44832","2026-09-28T18:06:43.9917426+10:00","857BDEF73165F4B663B5D3F11C89EC2EBD431373C151B692F0A2F12F8660B178","857BDEF73165F4B663B5D3F11C89EC2EBD431373C151B692F0A2F12F8660B178","True"
"empirical_figures","empirical\figures\empirical_rmse_rebuild.pdf","C:\Users\hishi\Documents\Codex\2026-09-13\xia\empirical_rebuild\figures\empirical_rmse_rebuild.pdf","22197","2026-09-28T18:06:43.4845422+10:00","4BBFA7C09559E08BA439AB07431221B62E72D46C901B487152A1B5791DAA415B","4BBFA7C09559E08BA439AB07431221B62E72D46C901B487152A1B5791DAA415B","True"
"empirical_figures","empirical\figures\empirical_rmse_rebuild.png","C:\Users\hishi\Documents\Codex\2026-09-13\xia\empirical_rebuild\figures\empirical_rmse_rebuild.png","109094","2026-09-28T18:06:43.6609227+10:00","9EAAC48D2040234C05C066A4AA8172D2FE0A1C7F3776E052D833E32077C4AA7E","9EAAC48D2040234C05C066A4AA8172D2FE0A1C7F3776E052D833E32077C4AA7E","True"
"empirical_figures","empirical\figures\empirical_total_estimates_rebuild.pdf","C:\Users\hishi\Documents\Codex\2026-09-13\xia\empirical_rebuild\figures\empirical_total_estimates_rebuild.pdf","16480","2026-09-28T18:06:43.7757723+10:00","C86ECFFBD49E68EDDFA6B70FA62D2F8A909E1C135991031244C968EEBED3E106","C86ECFFBD49E68EDDFA6B70FA62D2F8A909E1C135991031244C968EEBED3E106","True"
"empirical_figures","empirical\figures\empirical_total_estimates_rebuild.png","C:\Users\hishi\Documents\Codex\2026-09-13\xia\empirical_rebuild\figures\empirical_total_estimates_rebuild.png","45355","2026-09-28T18:06:43.8267826+10:00","B7F054619978C773B5868C657BD7B56B3CD943C07DE605127F4FFC96115DD6D3","B7F054619978C773B5868C657BD7B56B3CD943C07DE605127F4FFC96115DD6D3","True"
"empirical_report","empirical\report\RESULTS_CN.md","C:\Users\hishi\Documents\Codex\2026-09-13\xia\empirical_rebuild\report\RESULTS_CN.md","10704","2026-09-28T18:11:29.3324409+10:00","69691D101FD53278C2DD753C896E1FFB7F20EBB31F6312104490601A4C9AE951","69691D101FD53278C2DD753C896E1FFB7F20EBB31F6312104490601A4C9AE951","True"
"empirical_documentation","empirical\README.md","C:\Users\hishi\Documents\Codex\2026-09-13\xia\empirical_rebuild\README.md","8288","2026-09-28T18:15:54.0487719+10:00","1FC3CEAA989622F8B068EFB4EB5058E9F8C5CC545EB21BA0FE0EC47FD27AD9C5","1FC3CEAA989622F8B068EFB4EB5058E9F8C5CC545EB21BA0FE0EC47FD27AD9C5","True"
"empirical_documentation","empirical\DATA_DICTIONARY.md","C:\Users\hishi\Documents\Codex\2026-09-13\xia\empirical_rebuild\DATA_DICTIONARY.md","2496","2026-09-28T17:41:44.4267868+10:00","F8B95791C5415D4A23EF8B50C782BE9D5AEC92CE7F695AE6F06398B3DA202C36","F8B95791C5415D4A23EF8B50C782BE9D5AEC92CE7F695AE6F06398B3DA202C36","True"
"empirical_validation","empirical\validation\bootstrap_fixed_failures.json","C:\Users\hishi\Documents\Codex\2026-09-13\xia\empirical_rebuild\validation\bootstrap_fixed_failures.json","2","2026-09-28T17:12:01.5559620+10:00","4F53CDA18C2BAA0C0354BB5F9A3ECBE5ED12AB4D8E11BA873C2F11161202B945","4F53CDA18C2BAA0C0354BB5F9A3ECBE5ED12AB4D8E11BA873C2F11161202B945","True"
"empirical_validation","empirical\validation\bootstrap_selection_failures.json","C:\Users\hishi\Documents\Codex\2026-09-13\xia\empirical_rebuild\validation\bootstrap_selection_failures.json","2","2026-09-28T18:01:25.9039090+10:00","4F53CDA18C2BAA0C0354BB5F9A3ECBE5ED12AB4D8E11BA873C2F11161202B945","4F53CDA18C2BAA0C0354BB5F9A3ECBE5ED12AB4D8E11BA873C2F11161202B945","True"
"empirical_validation","empirical\validation\deliverable_manifest.csv","C:\Users\hishi\Documents\Codex\2026-09-13\xia\empirical_rebuild\validation\deliverable_manifest.csv","14609","2026-09-28T18:16:12.1684275+10:00","BD834CD875027331F421199061FD6577B7611B556B229C2648F80811C7D599DD","BD834CD875027331F421199061FD6577B7611B556B229C2648F80811C7D599DD","True"
"empirical_validation","empirical\validation\duplicate_source_rows.csv","C:\Users\hishi\Documents\Codex\2026-09-13\xia\empirical_rebuild\validation\duplicate_source_rows.csv","613","2026-09-28T17:36:33.2630175+10:00","34B98577859BEA5B56B9B80F85BFF8EE9EF7955C21F228A67B3A37C2B10B574F","34B98577859BEA5B56B9B80F85BFF8EE9EF7955C21F228A67B3A37C2B10B574F","True"
"empirical_validation","empirical\validation\excluded_ais_labels.csv","C:\Users\hishi\Documents\Codex\2026-09-13\xia\empirical_rebuild\validation\excluded_ais_labels.csv","157","2026-09-28T17:36:33.2660177+10:00","9C16BD655D38D3A593D8004DFAD78C03F6B57DEB550D2D1BFCFDE04D9DCE3630","9C16BD655D38D3A593D8004DFAD78C03F6B57DEB550D2D1BFCFDE04D9DCE3630","True"
"empirical_validation","empirical\validation\final_qa.json","C:\Users\hishi\Documents\Codex\2026-09-13\xia\empirical_rebuild\validation\final_qa.json","591","2026-09-28T18:10:10.2996152+10:00","3FB51CC474B4A6C43F44350253EE86BE844CD80D3A388704BB7B2614E5CE9E7E","3FB51CC474B4A6C43F44350253EE86BE844CD80D3A388704BB7B2614E5CE9E7E","True"
"empirical_validation","empirical\validation\output_checks.json","C:\Users\hishi\Documents\Codex\2026-09-13\xia\empirical_rebuild\validation\output_checks.json","489","2026-09-28T18:06:44.0017432+10:00","C66E52315E8D39D4597AA9CE9B08E29E19E4E76F61E068ED19696C5E72A4A4B6","C66E52315E8D39D4597AA9CE9B08E29E19E4E76F61E068ED19696C5E72A4A4B6","True"
"empirical_validation","empirical\validation\painel_dta_disagreements.csv","C:\Users\hishi\Documents\Codex\2026-09-13\xia\empirical_rebuild\validation\painel_dta_disagreements.csv","174","2026-09-28T17:36:38.2915472+10:00","F3E161FAD133FCCD8891F7B459AC68C85A25D6BDB69EEE9380B7D5F3E1B86138","F3E161FAD133FCCD8891F7B459AC68C85A25D6BDB69EEE9380B7D5F3E1B86138","True"
"empirical_validation","empirical\validation\sample_flow.json","C:\Users\hishi\Documents\Codex\2026-09-13\xia\empirical_rebuild\validation\sample_flow.json","1068","2026-09-28T17:36:38.3885459+10:00","B056FED7A067EA8D7E081E5F0DF20CE96333DCA1FA78BFCC391DFBF95C3E117B","B056FED7A067EA8D7E081E5F0DF20CE96333DCA1FA78BFCC391DFBF95C3E117B","True"
"empirical_validation","empirical\validation\source_hashes.csv","C:\Users\hishi\Documents\Codex\2026-09-13\xia\empirical_rebuild\validation\source_hashes.csv","890","2026-09-28T17:36:38.3155464+10:00","31EBDB000A8F9A95BC08B010C40108D9F36A6D3CE8B3A3D08DC14FEAE49ED052","31EBDB000A8F9A95BC08B010C40108D9F36A6D3CE8B3A3D08DC14FEAE49ED052","True"
"empirical_validation","empirical\validation\twfe_equivalence.json","C:\Users\hishi\Documents\Codex\2026-09-13\xia\empirical_rebuild\validation\twfe_equivalence.json","597","2026-09-28T16:34:35.2319742+10:00","2C1C404802C9E560A781BD481D1681011B48E7794841404CFE42312198909D4B","2C1C404802C9E560A781BD481D1681011B48E7794841404CFE42312198909D4B","True"
"empirical_validation","empirical\validation\visual_qa.md","C:\Users\hishi\Documents\Codex\2026-09-13\xia\empirical_rebuild\validation\visual_qa.md","739","2026-09-28T18:14:01.5224837+10:00","9C3B68C26FE018D3EE2D169B9257EE3F65CC7BF549CC95C2774BD2BC1DD9579E","9C3B68C26FE018D3EE2D169B9257EE3F65CC7BF549CC95C2774BD2BC1DD9579E","True"
"external_reference_code","empirical\reference_code\Code_Ceara.do","C:\Users\hishi\Desktop\Paper\When-the-State-Steps-Down-main\Do Files\Code_Ceara.do","37245","2026-04-20T00:08:48.0911690+10:00","6D4F68CA2DC7F5A95F3E17A38696F06EF1064CFEE957D22663F99BE91BA6D3CB","6D4F68CA2DC7F5A95F3E17A38696F06EF1064CFEE957D22663F99BE91BA6D3CB","True"
"latest_paper_pdf","main.pdf","C:\Users\hishi\Documents\Codex\2026-09-13\xia\outputs\vscode_thesis_project\main.pdf","189707","2026-09-28T18:07:02.8769347+10:00","F6D318E08C062C9C254EB83E18728D86CC6CA9FC23F4FCC8D765A6E7A9B855F9","F6D318E08C062C9C254EB83E18728D86CC6CA9FC23F4FCC8D765A6E7A9B855F9","True"
"paper_source","paper_source\main.tex","C:\Users\hishi\Documents\Codex\2026-09-13\xia\outputs\vscode_thesis_project\main.tex","34016","2026-09-28T18:06:12.9421663+10:00","A2A1EC8689E9355505ADA7FE719C4476D5C1CEE377017450DFDC48AAE8DCF735","A2A1EC8689E9355505ADA7FE719C4476D5C1CEE377017450DFDC48AAE8DCF735","True"
"paper_source","paper_source\abstract.tex","C:\Users\hishi\Documents\Codex\2026-09-13\xia\outputs\vscode_thesis_project\abstract.tex","2102","2026-09-28T18:05:50.5344695+10:00","6FD7A0740FF3E0E8D3E6A6B0B4824705FFEF7FCD10D3BED9C9667D19E7DD5E21","6FD7A0740FF3E0E8D3E6A6B0B4824705FFEF7FCD10D3BED9C9667D19E7DD5E21","True"
"paper_source","paper_source\empirical_rebuild_section.tex","C:\Users\hishi\Documents\Codex\2026-09-13\xia\outputs\vscode_thesis_project\empirical_rebuild_section.tex","17108","2026-09-28T18:05:51.0594823+10:00","A4AA4FF98134680D7E29FF5BC0EB1BBE9672F304D4E2027211204EEC2B94A689","A4AA4FF98134680D7E29FF5BC0EB1BBE9672F304D4E2027211204EEC2B94A689","True"
"paper_source","paper_source\tables\empirical_estimates_rebuild.tex","C:\Users\hishi\Documents\Codex\2026-09-13\xia\outputs\vscode_thesis_project\tables\empirical_estimates_rebuild.tex","3132","2026-09-28T18:06:42.9737674+10:00","14B9BF282DAA1063772C5EC1670A15F4CEEA98B85E77ED6A0CB7064CC1DDE918","14B9BF282DAA1063772C5EC1670A15F4CEEA98B85E77ED6A0CB7064CC1DDE918","True"
"paper_source","paper_source\tables\empirical_estimates.tex","C:\Users\hishi\Documents\Codex\2026-09-13\xia\outputs\vscode_thesis_project\tables\empirical_estimates.tex","1337","2026-09-21T15:37:52.3364120+10:00","788D21D2463EBBA62FC5893684CF1CA4ACCA62AAFAB137520ECF09C3D4F3B258","788D21D2463EBBA62FC5893684CF1CA4ACCA62AAFAB137520ECF09C3D4F3B258","True"
"paper_source","paper_source\tables\empirical_mancha_comparison.tex","C:\Users\hishi\Documents\Codex\2026-09-13\xia\outputs\vscode_thesis_project\tables\empirical_mancha_comparison.tex","1257","2026-09-21T15:37:55.2779646+10:00","5F113174493831598642AE30F5E49473073A444BE2CCB266E74895E855B76811","5F113174493831598642AE30F5E49473073A444BE2CCB266E74895E855B76811","True"
"paper_source","paper_source\tables\empirical_mancha_rebuild.tex","C:\Users\hishi\Documents\Codex\2026-09-13\xia\outputs\vscode_thesis_project\tables\empirical_mancha_rebuild.tex","687","2026-09-28T18:06:42.9807678+10:00","0D0811EF5DA76E5B938A8D541497E7694C3A0E4663FBDE3D90D87A27394BFAE8","0D0811EF5DA76E5B938A8D541497E7694C3A0E4663FBDE3D90D87A27394BFAE8","True"
"paper_source","paper_source\tables\empirical_placebo_all_rebuild.tex","C:\Users\hishi\Documents\Codex\2026-09-13\xia\outputs\vscode_thesis_project\tables\empirical_placebo_all_rebuild.tex","3134","2026-09-28T18:06:42.9587685+10:00","181A34E9554F792EAB44877A756B66F90B166898074EC4B9CAA80A394A84EFD6","181A34E9554F792EAB44877A756B66F90B166898074EC4B9CAA80A394A84EFD6","True"
"paper_source","paper_source\tables\empirical_placebo_rebuild.tex","C:\Users\hishi\Documents\Codex\2026-09-13\xia\outputs\vscode_thesis_project\tables\empirical_placebo_rebuild.tex","877","2026-09-28T18:06:42.9447662+10:00","398DAEA978B33A471643752B0FC8B364092E715CA78AA56E957EEAA1C0C9CA32","398DAEA978B33A471643752B0FC8B364092E715CA78AA56E957EEAA1C0C9CA32","True"
"paper_source","paper_source\tables\empirical_placebo.tex","C:\Users\hishi\Documents\Codex\2026-09-13\xia\outputs\vscode_thesis_project\tables\empirical_placebo.tex","939","2026-09-21T15:37:53.7337295+10:00","4466B884E0F550D69B66CE4933572BCAEEC56630522C9C65765A2C4A0ADC5905","4466B884E0F550D69B66CE4933572BCAEEC56630522C9C65765A2C4A0ADC5905","True"
"paper_source","paper_source\tables\empirical_selection_rebuild.tex","C:\Users\hishi\Documents\Codex\2026-09-13\xia\outputs\vscode_thesis_project\tables\empirical_selection_rebuild.tex","924","2026-09-28T18:04:16.6338593+10:00","93A2D7414B8A05128B0E198F313DD4A35BA59B7503D48501B7B812DAF0E80FCC","93A2D7414B8A05128B0E198F313DD4A35BA59B7503D48501B7B812DAF0E80FCC","True"
"paper_source","paper_source\tables\empirical_sensitivity_rebuild.tex","C:\Users\hishi\Documents\Codex\2026-09-13\xia\outputs\vscode_thesis_project\tables\empirical_sensitivity_rebuild.tex","860","2026-09-28T18:06:42.9888754+10:00","913D9FA9DD4F836A1063CE0FF5310E5D0B1D5C41239F3D10DA91D619E8323301","913D9FA9DD4F836A1063CE0FF5310E5D0B1D5C41239F3D10DA91D619E8323301","True"
"paper_source","paper_source\tables\overall_comparison.tex","C:\Users\hishi\Documents\Codex\2026-09-13\xia\outputs\vscode_thesis_project\tables\overall_comparison.tex","2863","2026-09-21T14:04:18.6540955+10:00","F6434E7C87428E7FA39F536F85269416CAE4A79D340A172FDB45FDDE2E449AF3","F6434E7C87428E7FA39F536F85269416CAE4A79D340A172FDB45FDDE2E449AF3","True"
"paper_source","paper_source\tables\ranking.tex","C:\Users\hishi\Documents\Codex\2026-09-13\xia\outputs\vscode_thesis_project\tables\ranking.tex","837","2026-09-13T04:01:06.8097211+10:00","422B188F15A69013C88C925C5A5D432E5BCFF8533ED1B0DEA663D4EADBF7DCA6","422B188F15A69013C88C925C5A5D432E5BCFF8533ED1B0DEA663D4EADBF7DCA6","True"
"paper_source","paper_source\tables\scenario_matched_performance.tex","C:\Users\hishi\Documents\Codex\2026-09-13\xia\outputs\vscode_thesis_project\tables\scenario_matched_performance.tex","1144","2026-09-21T14:04:18.6420882+10:00","10514E734D44487A70288CF9A3FCFB64B233596B0D36DCE7AD6EECBCCAC1B265","10514E734D44487A70288CF9A3FCFB64B233596B0D36DCE7AD6EECBCCAC1B265","True"
"paper_source","paper_source\figures\bias_rmse_comparison.pdf","C:\Users\hishi\Documents\Codex\2026-09-13\xia\outputs\vscode_thesis_project\figures\bias_rmse_comparison.pdf","24865","2026-09-13T04:01:09.7452395+10:00","61059B2C1E445C4B29DAF4A1358C4E59715F916E38280193BB10F3EEABDB4303","61059B2C1E445C4B29DAF4A1358C4E59715F916E38280193BB10F3EEABDB4303","True"
"paper_source","paper_source\figures\bias_rmse_comparison.png","C:\Users\hishi\Documents\Codex\2026-09-13\xia\outputs\vscode_thesis_project\figures\bias_rmse_comparison.png","181075","2026-09-13T04:01:11.1765841+10:00","34D7850566991A074EAD66A7EF9D42C4FDE2DFAB9FFC33BBFEFEBE75CF048FD4","34D7850566991A074EAD66A7EF9D42C4FDE2DFAB9FFC33BBFEFEBE75CF048FD4","True"
"paper_source","paper_source\figures\empirical_counterfactual_gap_rebuild.pdf","C:\Users\hishi\Documents\Codex\2026-09-13\xia\outputs\vscode_thesis_project\figures\empirical_counterfactual_gap_rebuild.pdf","17785","2026-09-28T18:06:43.8930388+10:00","445920F96E3A21B05EDA47FDE5A76E1E785721D2B02D023C49E7B080E0AC9F49","445920F96E3A21B05EDA47FDE5A76E1E785721D2B02D023C49E7B080E0AC9F49","True"
"paper_source","paper_source\figures\empirical_placebo_rmse.png","C:\Users\hishi\Documents\Codex\2026-09-13\xia\outputs\vscode_thesis_project\figures\empirical_placebo_rmse.png","43945","2026-09-21T15:20:42.0944064+10:00","5E533403D205FA103171B33A6D4374066EA5181872F039E1E45C83D9112351EB","5E533403D205FA103171B33A6D4374066EA5181872F039E1E45C83D9112351EB","True"
"paper_source","paper_source\figures\empirical_pretrend_gap_forecasts.png","C:\Users\hishi\Documents\Codex\2026-09-13\xia\outputs\vscode_thesis_project\figures\empirical_pretrend_gap_forecasts.png","43220","2026-09-21T15:20:42.0708867+10:00","310A7A25E2F78C22AEF4DFAFA194367C67E72686103D74CFB97D4B0F0682C73D","310A7A25E2F78C22AEF4DFAFA194367C67E72686103D74CFB97D4B0F0682C73D","True"
"paper_source","paper_source\figures\empirical_rmse_rebuild.pdf","C:\Users\hishi\Documents\Codex\2026-09-13\xia\outputs\vscode_thesis_project\figures\empirical_rmse_rebuild.pdf","22197","2026-09-28T18:06:43.3845569+10:00","4BBFA7C09559E08BA439AB07431221B62E72D46C901B487152A1B5791DAA415B","4BBFA7C09559E08BA439AB07431221B62E72D46C901B487152A1B5791DAA415B","True"
"paper_source","paper_source\figures\empirical_total_estimates_rebuild.pdf","C:\Users\hishi\Documents\Codex\2026-09-13\xia\outputs\vscode_thesis_project\figures\empirical_total_estimates_rebuild.pdf","16480","2026-09-28T18:06:43.7377679+10:00","C86ECFFBD49E68EDDFA6B70FA62D2F8A909E1C135991031244C968EEBED3E106","C86ECFFBD49E68EDDFA6B70FA62D2F8A909E1C135991031244C968EEBED3E106","True"
"paper_source","paper_source\figures\empirical_total_homicide_estimates.png","C:\Users\hishi\Documents\Codex\2026-09-13\xia\outputs\vscode_thesis_project\figures\empirical_total_homicide_estimates.png","53398","2026-09-21T15:20:42.1287998+10:00","C0584B48503C5F5B399288BC8F141CEFCF5C863D9FA7C1BDF0E72C212C96D9E5","C0584B48503C5F5B399288BC8F141CEFCF5C863D9FA7C1BDF0E72C212C96D9E5","True"
"paper_source","paper_source\figures\paired_mse_comparison.pdf","C:\Users\hishi\Documents\Codex\2026-09-13\xia\outputs\vscode_thesis_project\figures\paired_mse_comparison.pdf","15581","2026-09-13T04:01:11.9184241+10:00","5F5E05D9B6982B0E5A2020BD71EBC18777FB9E2542FB5C8685ED4E1EFDFF0C24","5F5E05D9B6982B0E5A2020BD71EBC18777FB9E2542FB5C8685ED4E1EFDFF0C24","True"
"paper_source","paper_source\figures\paired_mse_comparison.png","C:\Users\hishi\Documents\Codex\2026-09-13\xia\outputs\vscode_thesis_project\figures\paired_mse_comparison.png","35224","2026-09-13T04:01:12.1186548+10:00","8CBA7B289309125BDE38127DA2C82BAC81307424BCC9C675EA2301E572F57E76","8CBA7B289309125BDE38127DA2C82BAC81307424BCC9C675EA2301E572F57E76","True"
"paper_source","paper_source\figures\scenario_matched_paired_mse.pdf","C:\Users\hishi\Documents\Codex\2026-09-13\xia\outputs\vscode_thesis_project\figures\scenario_matched_paired_mse.pdf","5023","2026-09-21T14:03:35.9859194+10:00","14E443DA1B31F5133BB88E35B9DCE7990FFC537F891FB7B1D5DFB6B8B75E8D56","14E443DA1B31F5133BB88E35B9DCE7990FFC537F891FB7B1D5DFB6B8B75E8D56","True"
"paper_source","paper_source\figures\scenario_matched_paired_mse.png","C:\Users\hishi\Documents\Codex\2026-09-13\xia\outputs\vscode_thesis_project\figures\scenario_matched_paired_mse.png","11534","2026-09-21T14:03:36.0217814+10:00","71A24766BBE8AD584EF93F10C3F9514C0ECFDACCB055EF5AAA760205B069F9B8","71A24766BBE8AD584EF93F10C3F9514C0ECFDACCB055EF5AAA760205B069F9B8","True"
"paper_source","paper_source\figures\updated_bias_rmse_comparison.pdf","C:\Users\hishi\Documents\Codex\2026-09-13\xia\outputs\vscode_thesis_project\figures\updated_bias_rmse_comparison.pdf","6115","2026-09-21T14:03:35.8143189+10:00","D5812EC7DE9FEBBD03E121E1B4A539B4FF84D6A0F325FDAE0B7D1F03C774303A","D5812EC7DE9FEBBD03E121E1B4A539B4FF84D6A0F325FDAE0B7D1F03C774303A","True"
"paper_source","paper_source\figures\updated_bias_rmse_comparison.png","C:\Users\hishi\Documents\Codex\2026-09-13\xia\outputs\vscode_thesis_project\figures\updated_bias_rmse_comparison.png","106462","2026-09-21T14:03:35.9681712+10:00","4584481D2B0AE334A41FE7342F9D899A985B10047DAFD592253104D720C33D02","4584481D2B0AE334A41FE7342F9D899A985B10047DAFD592253104D720C33D02","True"
"paper_source","paper_source\source_data\method_ranking_by_scenario.csv","C:\Users\hishi\Documents\Codex\2026-09-13\xia\outputs\vscode_thesis_project\source_data\method_ranking_by_scenario.csv","3961","2026-09-13T03:41:41.1189605+10:00","5331BFF68C87693D811CACED4450E235F1BBC31FB14E6047AC501A73F850AC18","5331BFF68C87693D811CACED4450E235F1BBC31FB14E6047AC501A73F850AC18","True"
"paper_source","paper_source\source_data\results_summary.csv","C:\Users\hishi\Documents\Codex\2026-09-13\xia\outputs\vscode_thesis_project\source_data\results_summary.csv","19011","2026-09-13T03:41:41.0199594+10:00","0BD5AFECBF9C4823D2AD5E8BE538FFFE4536F8B27E43EC9975EE9B2F00B6FF9B","0BD5AFECBF9C4823D2AD5E8BE538FFFE4536F8B27E43EC9975EE9B2F00B6FF9B","True"
"paper_source","paper_source\source_data\scenario_matched_coefficients_summary.csv","C:\Users\hishi\Documents\Codex\2026-09-13\xia\outputs\vscode_thesis_project\source_data\scenario_matched_coefficients_summary.csv","827","2026-09-21T14:03:35.6711727+10:00","677477F08F76EFFCAF1745D3128B5E19837D36230FEAB3C981EAA6B42F023410","677477F08F76EFFCAF1745D3128B5E19837D36230FEAB3C981EAA6B42F023410","True"
"paper_source","paper_source\source_data\scenario_matched_qa.csv","C:\Users\hishi\Documents\Codex\2026-09-13\xia\outputs\vscode_thesis_project\source_data\scenario_matched_qa.csv","481","2026-09-21T14:03:35.6773228+10:00","C4406ED56E979AE18D9D935BD7D06F4B606BB28A015EA9C214C18033034B7686","C4406ED56E979AE18D9D935BD7D06F4B606BB28A015EA9C214C18033034B7686","True"
"paper_source","paper_source\source_data\scenario_matched_replication_results.csv","C:\Users\hishi\Documents\Codex\2026-09-13\xia\outputs\vscode_thesis_project\source_data\scenario_matched_replication_results.csv","969257","2026-09-21T14:03:35.5969224+10:00","18441FEDB0249C261004E80B8DAD173E9D24D15D59311697666C8675E5F5CFB3","18441FEDB0249C261004E80B8DAD173E9D24D15D59311697666C8675E5F5CFB3","True"
"paper_source","paper_source\source_data\scenario_matched_summary.csv","C:\Users\hishi\Documents\Codex\2026-09-13\xia\outputs\vscode_thesis_project\source_data\scenario_matched_summary.csv","4216","2026-09-21T14:03:35.6681604+10:00","AB25428392F23EAB3117C51A95C05FCAC4B19972CD04BD4D6891CD5664B18E3B","AB25428392F23EAB3117C51A95C05FCAC4B19972CD04BD4D6891CD5664B18E3B","True"
"paper_source","paper_source\source_data\scenario_matched_vs_twfe_paired.csv","C:\Users\hishi\Documents\Codex\2026-09-13\xia\outputs\vscode_thesis_project\source_data\scenario_matched_vs_twfe_paired.csv","1650","2026-09-21T14:03:35.6701783+10:00","9F4CEA7A7B930041C13AB0F9C0E6912B84FB6A4865AF055A236AE833EF39B269","9F4CEA7A7B930041C13AB0F9C0E6912B84FB6A4865AF055A236AE833EF39B269","True"
"paper_source","paper_source\source_data\updated_all_method_summary.csv","C:\Users\hishi\Documents\Codex\2026-09-13\xia\outputs\vscode_thesis_project\source_data\updated_all_method_summary.csv","22477","2026-09-21T14:03:35.6742191+10:00","0531257379E7C05431B7FEEDC43C59E0F5AB4C509B9B3398062BF0584FCDBDAA","0531257379E7C05431B7FEEDC43C59E0F5AB4C509B9B3398062BF0584FCDBDAA","True"
"paper_source","paper_source\source_data\updated_method_ranking_by_scenario.csv","C:\Users\hishi\Documents\Codex\2026-09-13\xia\outputs\vscode_thesis_project\source_data\updated_method_ranking_by_scenario.csv","4469","2026-09-21T14:03:35.6752560+10:00","49E8A5D2584FEFB65FAD426D430D35119FBC4A656B62868C6E64494943601CAD","49E8A5D2584FEFB65FAD426D430D35119FBC4A656B62868C6E64494943601CAD","True"
"paper_source","paper_source\source_data\empirical\adjusted_did_estimates.csv","C:\Users\hishi\Documents\Codex\2026-09-13\xia\outputs\vscode_thesis_project\source_data\empirical\adjusted_did_estimates.csv","12704","2026-09-21T15:17:08.9650239+10:00","04C3C7C1170C5C114C998895EE9A3F8F47FBF80333BF7AAAE90CF6594DE76938","04C3C7C1170C5C114C998895EE9A3F8F47FBF80333BF7AAAE90CF6594DE76938","True"
"paper_source","paper_source\source_data\empirical\comparison_to_mancha.csv","C:\Users\hishi\Documents\Codex\2026-09-13\xia\outputs\vscode_thesis_project\source_data\empirical\comparison_to_mancha.csv","1928","2026-09-21T15:17:08.9680083+10:00","24023BB701F33CBD0DA29922F135AA8F5FCECCCEC0FF27F9F0634F36CFC1394E","24023BB701F33CBD0DA29922F135AA8F5FCECCCEC0FF27F9F0634F36CFC1394E","True"
"paper_source","paper_source\source_data\empirical\placebo_evaluation.csv","C:\Users\hishi\Documents\Codex\2026-09-13\xia\outputs\vscode_thesis_project\source_data\empirical\placebo_evaluation.csv","11869","2026-09-21T15:17:08.9660098+10:00","104CED7B0310E659BDD4C349CF6265FD96EC3E8A13CB2C07F64DBB792A1E2DFF","104CED7B0310E659BDD4C349CF6265FD96EC3E8A13CB2C07F64DBB792A1E2DFF","True"
"paper_source","paper_source\source_data\empirical\placebo_paired_mse.csv","C:\Users\hishi\Documents\Codex\2026-09-13\xia\outputs\vscode_thesis_project\source_data\empirical\placebo_paired_mse.csv","3994","2026-09-21T15:17:08.9670085+10:00","AADAE93387608E0373514FD291280D9D74551A1F7E1D856D80B64685A5C02179","AADAE93387608E0373514FD291280D9D74551A1F7E1D856D80B64685A5C02179","True"
"paper_source","paper_source\source_data\empirical\prewindow_sensitivity.csv","C:\Users\hishi\Documents\Codex\2026-09-13\xia\outputs\vscode_thesis_project\source_data\empirical\prewindow_sensitivity.csv","8890","2026-09-21T15:20:41.9475281+10:00","A99687DA7D32F36650A03AC1BCAD3B7F893C01C499FE94DE9F077B8A9EB2B047","A99687DA7D32F36650A03AC1BCAD3B7F893C01C499FE94DE9F077B8A9EB2B047","True"
"paper_source","paper_source\source_data\empirical\unit_definition_sensitivity.csv","C:\Users\hishi\Documents\Codex\2026-09-13\xia\outputs\vscode_thesis_project\source_data\empirical\unit_definition_sensitivity.csv","3646","2026-09-21T15:20:42.0356102+10:00","550CE6CD47D35F544347DB07E47CC5E8A280B9F801CC5FB5273D1BECD7684D23","550CE6CD47D35F544347DB07E47CC5E8A280B9F801CC5FB5273D1BECD7684D23","True"
"paper_source","paper_source\.vscode\settings.json","C:\Users\hishi\Documents\Codex\2026-09-13\xia\outputs\vscode_thesis_project\.vscode\settings.json","173","2026-09-14T14:03:24.6444244+10:00","83DE63B562B7B2F0A3FA897504C59284DD954A8AC3DE82BCB96E83EB3FF77D40","83DE63B562B7B2F0A3FA897504C59284DD954A8AC3DE82BCB96E83EB3FF77D40","True"
"paper_source","paper_source\.vscode\tasks.json","C:\Users\hishi\Documents\Codex\2026-09-13\xia\outputs\vscode_thesis_project\.vscode\tasks.json","970","2026-09-14T14:03:22.4916667+10:00","BB682CA70B8B8B736E63B0B88F3072CE84C9B5CF989DCB0621102E4A46EE0444","BB682CA70B8B8B736E63B0B88F3072CE84C9B5CF989DCB0621102E4A46EE0444","True"
"packaging_tool","provenance\package_thesis_draft.ps1","C:\Users\hishi\Documents\Codex\2026-09-21\jie-h\package_thesis_draft.ps1","6243","2026-10-02T15:43:50.3781329+10:00","A950D48E75E2FE371449913035399D112295E6E67E54421A1B0BF915638C0285","A950D48E75E2FE371449913035399D112295E6E67E54421A1B0BF915638C0285","True"
